order_id,order_date,region,segment,category,sub_category,sales,profit,discount,quantity
CA-2023-10000,2023-01-01,West,Consumer,Furniture,Furnishings,519.56,25.98,0.2,9
CA-2023-10001,2023-01-01,East,Consumer,Office Supplies,Binders,88.3,17.66,0.0,3
CA-2023-10002,2023-01-01,Central,Corporate,Office Supplies,Appliances,1479.57,184.95,0.1,8
CA-2023-10003,2023-01-02,East,Corporate,Furniture,Chairs,1888.34,236.04,0.1,8
CA-2023-10004,2023-01-02,West,Consumer,Technology,Phones,1404.55,287.93,0.1,3
CA-2023-10005,2023-01-03,South,Consumer,Technology,Laptops,3486.53,174.33,0.2,3
CA-2023-10006,2023-01-03,East,Corporate,Technology,Phones,1814.18,99.78,0.3,6
CA-2023-10007,2023-01-04,South,Consumer,Office Supplies,Appliances,215.15,43.03,0.0,1
CA-2023-10008,2023-01-04,East,Home Office,Furniture,Chairs,653.2,-65.32,0.4,4
CA-2023-10009,2023-01-05,East,Consumer,Office Supplies,Binders,32.76,6.55,0.0,1
CA-2023-10010,2023-01-05,West,Home Office,Technology,Copiers,2500.92,700.26,0.0,3
CA-2023-10011,2023-01-06,West,Corporate,Office Supplies,Art,211.73,42.35,0.0,9
CA-2023-10012,2023-01-06,South,Home Office,Office Supplies,Appliances,962.6,192.52,0.0,5
CA-2023-10013,2023-01-07,West,Corporate,Technology,Copiers,4704.78,1317.34,0.0,5
CA-2023-10014,2023-01-07,South,Corporate,Technology,Accessories,377.24,105.63,0.0,4
CA-2023-10015,2023-01-08,East,Consumer,Technology,Accessories,170.76,9.39,0.3,3
CA-2023-10016,2023-01-08,West,Consumer,Technology,Copiers,4817.12,1348.79,0.0,5
CA-2023-10017,2023-01-09,West,Consumer,Furniture,Bookcases,1065.3,-53.27,0.2,4
CA-2023-10018,2023-01-09,West,Home Office,Furniture,Tables,3295.51,329.55,0.0,8
CA-2023-10019,2023-01-10,South,Home Office,Technology,Laptops,2072.3,-362.65,0.5,4
CA-2023-10020,2023-01-10,East,Consumer,Furniture,Tables,2610.56,-130.53,0.2,8
CA-2023-10021,2023-01-11,East,Consumer,Technology,Copiers,5248.89,1469.69,0.0,6
CA-2023-10022,2023-01-11,West,Consumer,Technology,Accessories,290.34,15.97,0.3,5
CA-2023-10023,2023-01-12,West,Corporate,Furniture,Bookcases,1015.53,25.39,0.1,4
CA-2023-10024,2023-01-12,East,Consumer,Furniture,Chairs,602.04,-15.05,0.3,4
CA-2023-10025,2023-01-13,West,Corporate,Office Supplies,Art,82.02,10.25,0.1,4
CA-2023-10026,2023-01-13,South,Home Office,Technology,Accessories,760.85,98.91,0.2,9
CA-2023-10027,2023-01-14,East,Consumer,Furniture,Bookcases,981.74,-122.72,0.3,4
CA-2023-10028,2023-01-14,East,Consumer,Furniture,Bookcases,2189.5,54.74,0.1,9
CA-2023-10029,2023-01-15,East,Consumer,Technology,Copiers,5814.34,1628.01,0.0,6
CA-2023-10030,2023-01-15,East,Consumer,Furniture,Bookcases,1644.8,-205.6,0.3,7
CA-2023-10031,2023-01-16,South,Consumer,Technology,Phones,1813.52,507.78,0.0,3
CA-2023-10032,2023-01-16,East,Consumer,Technology,Copiers,5926.26,1214.88,0.1,8
CA-2023-10033,2023-01-17,West,Home Office,Office Supplies,Paper,76.86,21.52,0.0,3
CA-2023-10034,2023-01-17,Central,Consumer,Office Supplies,Appliances,230.44,28.8,0.1,1
CA-2023-10035,2023-01-18,West,Consumer,Office Supplies,Storage,186.34,-60.56,0.7,5
CA-2023-10036,2023-01-18,West,Home Office,Technology,Accessories,190.5,53.34,0.0,2
CA-2023-10037,2023-01-19,South,Corporate,Technology,Accessories,639.66,179.1,0.0,6
CA-2023-10038,2023-01-19,Central,Consumer,Office Supplies,Appliances,1872.41,93.62,0.2,9
CA-2023-10039,2023-01-19,South,Corporate,Furniture,Chairs,215.68,-5.39,0.3,1
CA-2023-10040,2023-01-20,East,Consumer,Technology,Phones,2032.76,416.72,0.1,4
CA-2023-10041,2023-01-20,East,Corporate,Furniture,Tables,419.9,41.99,0.0,1
CA-2023-10042,2023-01-21,West,Corporate,Technology,Accessories,38.62,-3.67,0.5,1
CA-2023-10043,2023-01-21,West,Corporate,Office Supplies,Binders,200.02,10.0,0.2,8
CA-2023-10044,2023-01-22,South,Consumer,Technology,Laptops,2533.16,506.63,0.0,2
CA-2023-10045,2023-01-22,East,Home Office,Office Supplies,Art,18.92,3.78,0.0,1
CA-2023-10046,2023-01-23,South,Consumer,Technology,Copiers,5183.3,1062.58,0.1,8
CA-2023-10047,2023-01-23,Central,Consumer,Furniture,Furnishings,347.03,69.41,0.0,4
CA-2023-10048,2023-01-24,West,Consumer,Furniture,Chairs,866.78,173.36,0.0,3
CA-2023-10049,2023-01-24,East,Consumer,Technology,Copiers,2394.74,-47.89,0.4,4
CA-2023-10050,2023-01-25,Central,Consumer,Office Supplies,Storage,807.32,161.46,0.0,5
CA-2023-10051,2023-01-25,West,Home Office,Office Supplies,Art,18.68,0.93,0.2,1
CA-2023-10052,2023-01-26,South,Home Office,Office Supplies,Appliances,241.25,48.25,0.0,1
CA-2023-10053,2023-01-26,East,Consumer,Office Supplies,Storage,365.84,-9.15,0.3,3
CA-2023-10054,2023-01-27,West,Consumer,Furniture,Furnishings,424.7,21.23,0.2,6
CA-2023-10055,2023-01-27,East,Consumer,Office Supplies,Binders,35.82,7.16,0.0,1
CA-2023-10056,2023-01-28,South,Consumer,Technology,Copiers,1768.77,362.6,0.1,2
CA-2023-10057,2023-01-28,West,Consumer,Technology,Laptops,10264.32,2052.86,0.0,7
CA-2023-10058,2023-01-29,Central,Home Office,Technology,Laptops,721.85,-72.18,0.4,1
CA-2023-10059,2023-01-29,West,Consumer,Technology,Laptops,4442.58,-444.26,0.4,7
CA-2023-10060,2023-01-30,Central,Consumer,Furniture,Chairs,826.87,103.36,0.1,4
CA-2023-10061,2023-01-30,Central,Consumer,Technology,Phones,2358.96,483.59,0.1,6
CA-2023-10062,2023-01-31,West,Home Office,Office Supplies,Appliances,1570.2,314.04,0.0,8
CA-2023-10063,2023-01-31,East,Corporate,Furniture,Tables,2993.31,-149.67,0.2,9
CA-2023-10064,2023-02-01,Central,Home Office,Technology,Phones,2959.31,828.61,0.0,6
CA-2023-10065,2023-02-01,East,Corporate,Furniture,Tables,4323.03,432.3,0.0,9
CA-2023-10066,2023-02-02,Central,Consumer,Technology,Accessories,367.63,75.36,0.1,4
CA-2023-10067,2023-02-02,West,Consumer,Office Supplies,Appliances,1233.37,246.67,0.0,6
CA-2023-10068,2023-02-03,South,Corporate,Technology,Laptops,8593.99,429.7,0.2,8
CA-2023-10069,2023-02-03,Central,Consumer,Office Supplies,Art,203.71,40.74,0.0,9
CA-2023-10070,2023-02-04,South,Corporate,Office Supplies,Paper,64.41,8.37,0.2,3
CA-2023-10071,2023-02-04,West,Consumer,Technology,Laptops,2907.47,581.49,0.0,2
CA-2023-10072,2023-02-05,East,Consumer,Technology,Phones,2683.19,751.29,0.0,6
CA-2023-10073,2023-02-05,East,Corporate,Office Supplies,Binders,88.4,4.42,0.2,4
CA-2023-10074,2023-02-06,East,Corporate,Office Supplies,Appliances,67.42,-21.91,0.7,1
CA-2023-10075,2023-02-06,East,Corporate,Office Supplies,Appliances,1109.64,-27.74,0.3,8
CA-2023-10076,2023-02-07,West,Consumer,Office Supplies,Appliances,2131.51,426.3,0.0,9
CA-2023-10077,2023-02-07,Central,Corporate,Technology,Laptops,10901.09,2180.22,0.0,9
CA-2023-10078,2023-02-07,East,Consumer,Furniture,Bookcases,346.98,-69.4,0.4,2
CA-2023-10079,2023-02-08,West,Consumer,Technology,Laptops,8922.92,1115.37,0.1,9
CA-2023-10080,2023-02-08,Central,Consumer,Office Supplies,Paper,172.22,48.22,0.0,7
CA-2023-10081,2023-02-09,East,Consumer,Furniture,Furnishings,262.36,-26.24,0.4,5
CA-2023-10082,2023-02-09,West,Consumer,Technology,Copiers,4234.83,232.92,0.3,7
CA-2023-10083,2023-02-10,South,Consumer,Technology,Phones,1235.86,-302.78,0.7,9
CA-2023-10084,2023-02-10,South,Consumer,Technology,Laptops,4319.85,-755.97,0.5,8
CA-2023-10085,2023-02-11,East,Consumer,Technology,Accessories,278.86,-5.58,0.4,6
CA-2023-10086,2023-02-11,West,Consumer,Office Supplies,Storage,478.78,95.76,0.0,4
CA-2023-10087,2023-02-12,Central,Consumer,Furniture,Chairs,300.48,60.1,0.0,1
CA-2023-10088,2023-02-12,East,Consumer,Office Supplies,Art,93.75,11.72,0.1,6
CA-2023-10089,2023-02-13,West,Corporate,Furniture,Tables,1388.12,34.7,0.1,3
CA-2023-10090,2023-02-13,East,Consumer,Technology,Copiers,5178.79,1061.65,0.1,6
CA-2023-10091,2023-02-14,East,Consumer,Office Supplies,Paper,133.38,37.35,0.0,6
CA-2023-10092,2023-02-14,East,Consumer,Office Supplies,Binders,110.65,13.83,0.1,4
CA-2023-10093,2023-02-15,East,Corporate,Furniture,Chairs,555.71,69.46,0.1,2
CA-2023-10094,2023-02-15,Central,Home Office,Office Supplies,Binders,319.59,63.92,0.0,9
CA-2023-10095,2023-02-16,South,Corporate,Furniture,Furnishings,167.34,33.47,0.0,2
CA-2023-10096,2023-02-16,East,Corporate,Furniture,Tables,1403.36,35.08,0.1,3
CA-2023-10097,2023-02-17,Central,Consumer,Furniture,Chairs,236.67,11.83,0.2,1
CA-2023-10098,2023-02-17,South,Corporate,Technology,Phones,3462.24,969.43,0.0,7
CA-2023-10099,2023-02-18,East,Corporate,Technology,Laptops,1303.41,162.93,0.1,1
CA-2023-10100,2023-02-18,East,Consumer,Technology,Copiers,5979.97,777.4,0.2,9
CA-2023-10101,2023-02-19,Central,Consumer,Furniture,Furnishings,76.4,9.55,0.1,1
CA-2023-10102,2023-02-19,East,Consumer,Technology,Copiers,4999.53,1399.87,0.0,5
CA-2023-10103,2023-02-20,Central,Home Office,Furniture,Chairs,1870.03,233.75,0.1,7
CA-2023-10104,2023-02-20,East,Corporate,Office Supplies,Binders,89.52,17.9,0.0,3
CA-2023-10105,2023-02-21,South,Corporate,Technology,Accessories,345.93,-32.86,0.5,9
CA-2023-10106,2023-02-21,West,Consumer,Furniture,Chairs,2200.94,440.19,0.0,8
CA-2023-10107,2023-02-22,West,Consumer,Office Supplies,Appliances,597.47,29.87,0.2,3
CA-2023-10108,2023-02-22,Central,Consumer,Technology,Laptops,6661.93,1332.39,0.0,5
CA-2023-10109,2023-02-23,West,Consumer,Technology,Copiers,6235.21,1278.22,0.1,7
CA-2023-10110,2023-02-23,West,Home Office,Technology,Accessories,387.24,79.38,0.1,4
CA-2023-10111,2023-02-24,West,Corporate,Technology,Copiers,4118.13,1153.08,0.0,5
CA-2023-10112,2023-02-24,West,Consumer,Office Supplies,Appliances,519.83,64.98,0.1,3
CA-2023-10113,2023-02-25,West,Home Office,Office Supplies,Binders,280.91,56.18,0.0,9
CA-2023-10114,2023-02-25,South,Consumer,Furniture,Chairs,2532.82,506.56,0.0,9
CA-2023-10115,2023-02-26,West,Home Office,Office Supplies,Binders,183.64,9.18,0.2,7
CA-2023-10116,2023-02-26,Central,Consumer,Office Supplies,Storage,298.27,59.65,0.0,2
CA-2023-10117,2023-02-26,Central,Consumer,Technology,Copiers,3486.09,-69.72,0.4,7
CA-2023-10118,2023-02-27,South,Consumer,Office Supplies,Binders,162.54,8.13,0.2,7
CA-2023-10119,2023-02-27,West,Consumer,Furniture,Chairs,1081.06,135.13,0.1,5
CA-2023-10120,2023-02-28,South,Consumer,Office Supplies,Binders,283.52,56.7,0.0,9
CA-2023-10121,2023-02-28,East,Corporate,Office Supplies,Art,49.37,6.17,0.1,3
CA-2023-10122,2023-03-01,Central,Home Office,Technology,Accessories,248.54,13.67,0.3,4
CA-2023-10123,2023-03-01,Central,Corporate,Technology,Phones,489.8,137.14,0.0,1
CA-2023-10124,2023-03-02,Central,Consumer,Technology,Accessories,410.07,22.55,0.3,6
CA-2023-10125,2023-03-02,East,Corporate,Furniture,Furnishings,280.54,56.11,0.0,4
CA-2023-10126,2023-03-03,Central,Consumer,Office Supplies,Binders,24.82,-0.62,0.3,1
CA-2023-10127,2023-03-03,East,Consumer,Office Supplies,Paper,53.75,15.05,0.0,2
CA-2023-10128,2023-03-04,Central,Corporate,Technology,Accessories,181.17,-3.62,0.4,3
CA-2023-10129,2023-03-04,South,Corporate,Furniture,Chairs,2290.76,286.34,0.1,9
CA-2023-10130,2023-03-05,West,Consumer,Furniture,Chairs,1933.19,386.64,0.0,8
CA-2023-10131,2023-03-05,South,Consumer,Technology,Laptops,8720.45,1744.09,0.0,7
CA-2023-10132,2023-03-06,West,Home Office,Technology,Copiers,3549.6,727.67,0.1,4
CA-2023-10133,2023-03-06,West,Consumer,Technology,Phones,173.5,-42.51,0.7,1
CA-2023-10134,2023-03-07,West,Consumer,Office Supplies,Storage,1386.36,277.27,0.0,8
CA-2023-10135,2023-03-07,East,Corporate,Technology,Copiers,3675.21,1029.06,0.0,4
CA-2023-10136,2023-03-08,Central,Consumer,Furniture,Bookcases,745.39,18.63,0.1,3
CA-2023-10137,2023-03-08,West,Consumer,Office Supplies,Storage,993.17,124.15,0.1,9
CA-2023-10138,2023-03-09,West,Consumer,Furniture,Tables,1751.32,43.78,0.1,4
CA-2023-10139,2023-03-09,South,Corporate,Office Supplies,Paper,79.45,10.33,0.2,4
CA-2023-10140,2023-03-10,South,Corporate,Office Supplies,Art,172.83,34.57,0.0,9
CA-2023-10141,2023-03-10,Central,Corporate,Technology,Phones,586.44,-55.71,0.5,2
CA-2023-10142,2023-03-11,South,Home Office,Furniture,Chairs,1121.4,140.17,0.1,5
CA-2023-10143,2023-03-11,Central,Corporate,Technology,Laptops,4688.64,937.73,0.0,4
CA-2023-10144,2023-03-12,West,Consumer,Technology,Phones,4283.98,556.92,0.2,9
CA-2023-10145,2023-03-12,East,Consumer,Technology,Laptops,5704.87,285.24,0.2,5
CA-2023-10146,2023-03-13,Central,Corporate,Furniture,Furnishings,714.63,142.93,0.0,9
CA-2023-10147,2023-03-13,West,Corporate,Furniture,Bookcases,2555.28,-127.76,0.2,9
CA-2023-10148,2023-03-14,Central,Corporate,Technology,Accessories,214.26,59.99,0.0,2
CA-2023-10149,2023-03-14,West,Corporate,Technology,Phones,4129.27,846.5,0.1,9
CA-2023-10150,2023-03-15,West,Consumer,Office Supplies,Binders,47.34,-4.73,0.4,3
CA-2023-10151,2023-03-15,East,Consumer,Technology,Accessories,306.23,85.74,0.0,4
CA-2023-10152,2023-03-16,Central,Consumer,Technology,Laptops,1271.18,254.24,0.0,1
CA-2023-10153,2023-03-16,East,Consumer,Furniture,Tables,311.1,-38.89,0.3,1
CA-2023-10154,2023-03-16,Central,Consumer,Office Supplies,Art,7.49,-2.44,0.7,1
CA-2023-10155,2023-03-17,West,Corporate,Technology,Accessories,844.89,173.2,0.1,9
CA-2023-10156,2023-03-17,West,Corporate,Office Supplies,Paper,207.81,42.6,0.1,8
CA-2023-10157,2023-03-18,South,Consumer,Office Supplies,Paper,138.61,28.42,0.1,5
CA-2023-10158,2023-03-18,Central,Consumer,Technology,Accessories,271.15,-25.76,0.5,5
CA-2023-10159,2023-03-19,West,Consumer,Office Supplies,Appliances,1161.0,-116.1,0.4,9
CA-2023-10160,2023-03-19,South,Consumer,Furniture,Tables,1237.13,123.71,0.0,3
CA-2023-10161,2023-03-20,West,Corporate,Furniture,Bookcases,930.17,23.25,0.1,3
CA-2023-10162,2023-03-20,East,Corporate,Furniture,Furnishings,504.66,63.08,0.1,7
CA-2023-10163,2023-03-21,West,Corporate,Furniture,Tables,2946.33,-368.29,0.3,9
CA-2023-10164,2023-03-21,Central,Corporate,Technology,Laptops,6348.44,317.42,0.2,6
CA-2023-10165,2023-03-22,Central,Corporate,Office Supplies,Binders,58.23,2.91,0.2,2
CA-2023-10166,2023-03-22,West,Consumer,Technology,Copiers,244.23,-59.84,0.7,1
CA-2023-10167,2023-03-23,South,Consumer,Technology,Accessories,209.4,58.63,0.0,2
CA-2023-10168,2023-03-23,East,Consumer,Technology,Phones,478.67,134.03,0.0,1
CA-2023-10169,2023-03-24,West,Home Office,Furniture,Tables,4115.89,102.9,0.1,9
CA-2023-10170,2023-03-24,West,Consumer,Office Supplies,Appliances,1497.11,299.42,0.0,8
CA-2023-10171,2023-03-25,West,Consumer,Technology,Copiers,6712.18,1879.41,0.0,7
CA-2023-10172,2023-03-25,West,Home Office,Furniture,Chairs,646.61,129.32,0.0,3
CA-2023-10173,2023-03-26,East,Home Office,Technology,Phones,3632.32,472.2,0.2,8
CA-2023-10174,2023-03-26,South,Corporate,Furniture,Furnishings,83.38,-8.34,0.4,2
CA-2023-10175,2023-03-27,East,Consumer,Technology,Accessories,154.95,31.77,0.1,2
CA-2023-10176,2023-03-27,West,Consumer,Office Supplies,Paper,70.8,14.51,0.1,3
CA-2023-10177,2023-03-28,West,Consumer,Furniture,Furnishings,570.07,114.01,0.0,7
CA-2023-10178,2023-03-28,West,Consumer,Office Supplies,Paper,16.22,0.89,0.3,1
CA-2023-10179,2023-03-29,East,Consumer,Technology,Accessories,495.7,27.26,0.3,8
CA-2023-10180,2023-03-29,Central,Consumer,Technology,Laptops,8626.58,1078.32,0.1,7
CA-2023-10181,2023-03-30,West,Home Office,Technology,Phones,2235.41,625.91,0.0,4
CA-2023-10182,2023-03-30,Central,Consumer,Office Supplies,Appliances,966.6,193.32,0.0,5
CA-2023-10183,2023-03-31,South,Corporate,Office Supplies,Art,22.98,4.6,0.0,1
CA-2023-10184,2023-03-31,East,Corporate,Technology,Phones,1568.19,321.48,0.1,4
CA-2023-10185,2023-04-01,South,Consumer,Office Supplies,Appliances,164.34,-4.11,0.3,1
CA-2023-10186,2023-04-01,East,Corporate,Office Supplies,Binders,17.17,-1.72,0.4,1
CA-2023-10187,2023-04-02,Central,Consumer,Furniture,Furnishings,78.13,9.77,0.1,1
CA-2023-10188,2023-04-02,East,Consumer,Furniture,Chairs,1169.3,-29.23,0.3,7
CA-2023-10189,2023-04-03,East,Corporate,Technology,Copiers,3483.15,-330.9,0.5,7
CA-2023-10190,2023-04-03,West,Consumer,Technology,Accessories,350.6,98.17,0.0,4
CA-2023-10191,2023-04-04,West,Home Office,Office Supplies,Art,37.87,7.57,0.0,2
CA-2023-10192,2023-04-04,West,Consumer,Office Supplies,Binders,43.26,-7.57,0.5,3
CA-2023-10193,2023-04-04,East,Corporate,Furniture,Bookcases,2900.61,290.06,0.0,8
CA-2023-10194,2023-04-05,West,Consumer,Technology,Laptops,5301.54,-927.77,0.5,8
CA-2023-10195,2023-04-05,South,Consumer,Technology,Copiers,1644.87,-402.99,0.7,6
CA-2023-10196,2023-04-06,Central,Consumer,Office Supplies,Art,175.28,8.76,0.2,9
CA-2023-10197,2023-04-06,East,Corporate,Office Supplies,Binders,229.59,-5.74,0.3,9
CA-2023-10198,2023-04-07,West,Home Office,Office Supplies,Storage,513.22,25.66,0.2,4
CA-2023-10199,2023-04-07,South,Home Office,Office Supplies,Binders,22.3,1.11,0.2,1
CA-2023-10200,2023-04-08,South,Consumer,Furniture,Bookcases,356.2,35.62,0.0,1
CA-2023-10201,2023-04-08,Central,Corporate,Technology,Copiers,3726.04,1043.29,0.0,5
CA-2023-10202,2023-04-09,West,Corporate,Technology,Laptops,2753.18,550.64,0.0,2
CA-2023-10203,2023-04-09,East,Corporate,Office Supplies,Paper,134.91,17.54,0.2,6
CA-2023-10204,2023-04-10,West,Consumer,Furniture,Bookcases,2422.47,242.25,0.0,7
CA-2023-10205,2023-04-10,West,Corporate,Technology,Laptops,1275.69,255.14,0.0,1
CA-2023-10206,2023-04-11,Central,Home Office,Technology,Accessories,596.96,167.15,0.0,6
CA-2023-10207,2023-04-11,Central,Consumer,Office Supplies,Appliances,1733.71,86.69,0.2,8
CA-2023-10208,2023-04-12,East,Home Office,Technology,Copiers,1068.52,-261.79,0.7,5
CA-2023-10209,2023-04-12,South,Corporate,Technology,Laptops,2453.32,-797.33,0.7,7
CA-2023-10210,2023-04-13,East,Consumer,Furniture,Furnishings,472.84,59.11,0.1,6
CA-2023-10211,2023-04-13,East,Consumer,Office Supplies,Binders,88.96,-8.9,0.4,4
CA-2023-10212,2023-04-14,East,Consumer,Office Supplies,Appliances,1094.3,54.71,0.2,7
CA-2023-10213,2023-04-14,South,Corporate,Technology,Phones,3479.03,713.2,0.1,9
CA-2023-10214,2023-04-15,West,Home Office,Office Supplies,Art,109.91,13.74,0.1,7
CA-2023-10215,2023-04-15,South,Consumer,Technology,Phones,2177.41,609.67,0.0,5
CA-2023-10216,2023-04-16,South,Home Office,Technology,Accessories,382.13,-36.3,0.5,7
CA-2023-10217,2023-04-16,West,Home Office,Office Supplies,Paper,85.39,23.91,0.0,3
CA-2023-10218,2023-04-17,East,Consumer,Furniture,Bookcases,605.25,15.13,0.1,2
CA-2023-10219,2023-04-17,South,Home Office,Office Supplies,Binders,127.08,6.35,0.2,5
CA-2023-10220,2023-04-18,East,Home Office,Office Supplies,Paper,116.28,32.56,0.0,4
CA-2023-10221,2023-04-18,South,Corporate,Furniture,Bookcases,1368.39,136.84,0.0,5
CA-2023-10222,2023-04-19,South,Corporate,Technology,Copiers,5154.7,670.11,0.2,8
CA-2023-10223,2023-04-19,East,Home Office,Furniture,Furnishings,334.72,66.94,0.0,4
CA-2023-10224,2023-04-20,East,Corporate,Technology,Phones,3218.99,418.47,0.2,9
CA-2023-10225,2023-04-20,South,Consumer,Technology,Copiers,5129.74,1051.6,0.1,7
CA-2023-10226,2023-04-21,Central,Home Office,Office Supplies,Appliances,1203.17,60.16,0.2,7
CA-2023-10227,2023-04-21,West,Corporate,Furniture,Furnishings,442.49,22.12,0.2,8
CA-2023-10228,2023-04-22,West,Corporate,Office Supplies,Appliances,1074.78,134.35,0.1,6
CA-2023-10229,2023-04-22,East,Consumer,Furniture,Bookcases,2496.13,62.4,0.1,8
CA-2023-10230,2023-04-23,South,Corporate,Office Supplies,Art,41.15,2.06,0.2,3
CA-2023-10231,2023-04-23,South,Consumer,Furniture,Bookcases,256.98,-32.12,0.3,1
CA-2023-10232,2023-04-23,Central,Home Office,Furniture,Furnishings,339.67,16.98,0.2,6
CA-2023-10233,2023-04-24,West,Consumer,Furniture,Bookcases,210.55,-42.11,0.4,1
CA-2023-10234,2023-04-24,West,Consumer,Technology,Copiers,8708.02,2438.24,0.0,9
CA-2023-10235,2023-04-25,South,Consumer,Office Supplies,Art,44.15,5.52,0.1,2
CA-2023-10236,2023-04-25,West,Consumer,Technology,Copiers,957.59,-90.97,0.5,2
CA-2023-10237,2023-04-26,West,Corporate,Technology,Copiers,5404.11,1513.15,0.0,7
CA-2023-10238,2023-04-26,West,Home Office,Furniture,Furnishings,157.32,31.46,0.0,2
CA-2023-10239,2023-04-27,Central,Home Office,Technology,Copiers,5878.76,1205.15,0.1,8
CA-2023-10240,2023-04-27,South,Consumer,Office Supplies,Paper,135.86,38.04,0.0,6
CA-2023-10241,2023-04-28,West,Consumer,Office Supplies,Paper,150.31,42.09,0.0,7
CA-2023-10242,2023-04-28,East,Home Office,Office Supplies,Art,50.3,-16.35,0.7,7
CA-2023-10243,2023-04-29,Central,Home Office,Furniture,Furnishings,462.95,57.87,0.1,6
CA-2023-10244,2023-04-29,South,Consumer,Technology,Laptops,11809.68,2361.94,0.0,9
CA-2023-10245,2023-04-30,West,Consumer,Office Supplies,Binders,98.88,-32.14,0.7,9
CA-2023-10246,2023-04-30,East,Consumer,Furniture,Furnishings,187.5,-60.94,0.7,7
CA-2023-10247,2023-05-01,East,Home Office,Office Supplies,Paper,228.08,46.76,0.1,9
CA-2023-10248,2023-05-01,South,Corporate,Office Supplies,Art,69.89,13.98,0.0,3
CA-2023-10249,2023-05-02,East,Consumer,Office Supplies,Appliances,414.2,-10.36,0.3,3
CA-2023-10250,2023-05-02,West,Consumer,Technology,Laptops,954.3,47.72,0.2,1
CA-2023-10251,2023-05-03,Central,Home Office,Furniture,Furnishings,395.93,19.8,0.2,5
CA-2023-10252,2023-05-03,Central,Consumer,Office Supplies,Binders,87.78,-8.78,0.4,4
CA-2023-10253,2023-05-04,West,Consumer,Technology,Phones,962.9,125.18,0.2,2
CA-2023-10254,2023-05-04,South,Corporate,Technology,Laptops,11133.02,2226.6,0.0,9
CA-2023-10255,2023-05-05,West,Consumer,Furniture,Furnishings,229.03,11.45,0.2,3
CA-2023-10256,2023-05-05,East,Consumer,Office Supplies,Paper,173.87,48.68,0.0,8
CA-2023-10257,2023-05-06,East,Home Office,Office Supplies,Binders,114.59,-2.86,0.3,6
CA-2023-10258,2023-05-06,Central,Home Office,Furniture,Chairs,1015.59,50.78,0.2,5
CA-2023-10259,2023-05-07,East,Home Office,Technology,Laptops,1252.03,250.41,0.0,1
CA-2023-10260,2023-05-07,South,Home Office,Furniture,Chairs,859.86,107.48,0.1,4
CA-2023-10261,2023-05-08,Central,Corporate,Office Supplies,Art,59.56,11.91,0.0,3
CA-2023-10262,2023-05-08,Central,Home Office,Technology,Laptops,1098.13,219.63,0.0,1
CA-2023-10263,2023-05-09,Central,Consumer,Furniture,Bookcases,1254.78,-62.74,0.2,5
CA-2023-10264,2023-05-09,Central,Corporate,Office Supplies,Paper,175.13,49.04,0.0,6
CA-2023-10265,2023-05-10,West,Home Office,Office Supplies,Paper,39.01,2.15,0.3,2
CA-2023-10266,2023-05-10,East,Consumer,Office Supplies,Paper,66.98,18.76,0.0,3
CA-2023-10267,2023-05-11,South,Consumer,Office Supplies,Storage,702.26,35.11,0.2,6
CA-2023-10268,2023-05-11,West,Consumer,Furniture,Bookcases,948.41,-118.55,0.3,4
CA-2023-10269,2023-05-12,Central,Consumer,Technology,Copiers,6116.88,795.19,0.2,9
CA-2023-10270,2023-05-12,South,Consumer,Office Supplies,Binders,135.9,16.99,0.1,5
CA-2023-10271,2023-05-12,West,Home Office,Office Supplies,Appliances,290.07,-94.27,0.7,4
CA-2023-10272,2023-05-13,Central,Home Office,Office Supplies,Binders,74.25,14.85,0.0,2
CA-2023-10273,2023-05-13,East,Consumer,Office Supplies,Storage,745.89,149.18,0.0,6
CA-2023-10274,2023-05-14,East,Consumer,Furniture,Tables,814.87,20.37,0.1,2
CA-2023-10275,2023-05-14,West,Consumer,Furniture,Bookcases,2126.55,212.65,0.0,7
CA-2023-10276,2023-05-15,West,Home Office,Office Supplies,Appliances,214.0,-69.55,0.7,3
CA-2023-10277,2023-05-15,Central,Consumer,Furniture,Chairs,2049.46,409.89,0.0,9
CA-2023-10278,2023-05-16,South,Consumer,Office Supplies,Appliances,708.91,-17.72,0.3,5
CA-2023-10279,2023-05-16,Central,Consumer,Office Supplies,Binders,161.98,-4.05,0.3,8
CA-2023-10280,2023-05-17,East,Consumer,Office Supplies,Appliances,1626.7,325.34,0.0,6
CA-2023-10281,2023-05-17,West,Consumer,Technology,Accessories,658.74,85.64,0.2,8
CA-2023-10282,2023-05-18,Central,Home Office,Furniture,Chairs,836.01,167.2,0.0,3
CA-2023-10283,2023-05-18,West,Corporate,Technology,Laptops,3812.78,476.6,0.1,3
CA-2023-10284,2023-05-19,South,Corporate,Furniture,Tables,2027.32,202.73,0.0,5
CA-2023-10285,2023-05-19,South,Consumer,Technology,Laptops,2148.72,-376.03,0.5,3
CA-2023-10286,2023-05-20,Central,Corporate,Furniture,Chairs,652.76,-212.15,0.7,8
CA-2023-10287,2023-05-20,South,Corporate,Furniture,Bookcases,2361.92,236.19,0.0,8
CA-2023-10288,2023-05-21,West,Consumer,Technology,Laptops,2823.22,564.64,0.0,2
CA-2023-10289,2023-05-21,Central,Corporate,Furniture,Furnishings,262.31,-6.56,0.3,4
CA-2023-10290,2023-05-22,East,Consumer,Technology,Laptops,1425.94,285.19,0.0,1
CA-2023-10291,2023-05-22,South,Home Office,Technology,Laptops,2581.08,-258.11,0.4,4
CA-2023-10292,2023-05-23,West,Consumer,Office Supplies,Storage,623.82,77.98,0.1,4
CA-2023-10293,2023-05-23,Central,Home Office,Furniture,Furnishings,888.37,177.67,0.0,9
CA-2023-10294,2023-05-24,South,Consumer,Technology,Accessories,187.67,10.32,0.3,3
CA-2023-10295,2023-05-24,West,Corporate,Furniture,Furnishings,126.2,15.77,0.1,2
CA-2023-10296,2023-05-25,East,Corporate,Office Supplies,Paper,103.14,-9.8,0.5,9
CA-2023-10297,2023-05-25,Central,Corporate,Technology,Accessories,505.09,-47.98,0.5,9
CA-2023-10298,2023-05-26,East,Consumer,Furniture,Chairs,268.8,53.76,0.0,1
CA-2023-10299,2023-05-26,West,Consumer,Technology,Accessories,536.03,150.09,0.0,6
CA-2023-10300,2023-05-27,West,Corporate,Technology,Laptops,2780.01,-903.5,0.7,8
CA-2023-10301,2023-05-27,West,Consumer,Furniture,Bookcases,428.76,-117.91,0.5,3
CA-2023-10302,2023-05-28,South,Consumer,Furniture,Tables,4518.43,451.84,0.0,9
CA-2023-10303,2023-05-28,East,Corporate,Furniture,Bookcases,427.46,-53.43,0.3,2
CA-2023-10304,2023-05-29,West,Corporate,Office Supplies,Binders,200.26,25.03,0.1,6
CA-2023-10305,2023-05-29,East,Consumer,Office Supplies,Appliances,247.18,49.44,0.0,1
CA-2023-10306,2023-05-30,East,Consumer,Furniture,Tables,2205.29,-441.06,0.4,7
CA-2023-10307,2023-05-30,West,Consumer,Technology,Copiers,2321.03,649.89,0.0,3
CA-2023-10308,2023-05-30,East,Corporate,Office Supplies,Binders,92.58,-16.2,0.5,7
CA-2023-10309,2023-05-31,East,Corporate,Technology,Phones,2090.26,585.27,0.0,4
CA-2023-10310,2023-05-31,East,Home Office,Furniture,Tables,3161.7,-158.08,0.2,9
CA-2023-10311,2023-06-01,Central,Home Office,Technology,Phones,2327.08,651.58,0.0,5
CA-2023-10312,2023-06-01,West,Consumer,Technology,Phones,1661.93,340.69,0.1,3
CA-2023-10313,2023-06-02,Central,Consumer,Office Supplies,Paper,164.42,21.37,0.2,8
CA-2023-10314,2023-06-02,East,Consumer,Office Supplies,Appliances,1214.25,242.85,0.0,6
CA-2023-10315,2023-06-03,East,Consumer,Office Supplies,Paper,41.83,8.57,0.1,2
CA-2023-10316,2023-06-03,Central,Home Office,Furniture,Tables,1169.17,29.23,0.1,3
CA-2023-10317,2023-06-04,East,Corporate,Technology,Copiers,7998.25,2239.51,0.0,8
CA-2023-10318,2023-06-04,South,Consumer,Technology,Laptops,5628.36,-140.71,0.3,7
CA-2023-10319,2023-06-05,Central,Consumer,Technology,Laptops,7066.95,1413.39,0.0,6
CA-2023-10320,2023-06-05,East,Corporate,Furniture,Chairs,250.59,31.32,0.1,1
CA-2023-10321,2023-06-06,South,Corporate,Office Supplies,Appliances,1724.24,215.53,0.1,9
CA-2023-10322,2023-06-06,Central,Consumer,Office Supplies,Storage,353.93,44.24,0.1,3
CA-2023-10323,2023-06-07,West,Home Office,Technology,Accessories,411.05,115.1,0.0,5
CA-2023-10324,2023-06-07,West,Corporate,Office Supplies,Paper,153.57,31.48,0.1,7
CA-2023-10325,2023-06-08,West,Consumer,Office Supplies,Paper,140.55,28.81,0.1,7
CA-2023-10326,2023-06-08,South,Home Office,Furniture,Chairs,514.48,25.72,0.2,3
CA-2023-10327,2023-06-09,Central,Consumer,Furniture,Chairs,820.3,-20.51,0.3,4
CA-2023-10328,2023-06-09,South,Home Office,Furniture,Tables,2566.12,64.15,0.1,7
CA-2023-10329,2023-06-10,Central,Home Office,Technology,Copiers,7426.5,2079.42,0.0,8
CA-2023-10330,2023-06-10,East,Corporate,Furniture,Chairs,584.51,116.9,0.0,2
CA-2023-10331,2023-06-11,West,Corporate,Office Supplies,Binders,287.6,57.52,0.0,9
CA-2023-10332,2023-06-11,Central,Consumer,Technology,Copiers,5453.69,1527.03,0.0,7
CA-2023-10333,2023-06-12,East,Home Office,Technology,Phones,3632.05,1016.97,0.0,8
CA-2023-10334,2023-06-12,South,Corporate,Technology,Accessories,618.15,173.08,0.0,6
CA-2023-10335,2023-06-13,West,Corporate,Technology,Copiers,5234.66,1465.71,0.0,6
CA-2023-10336,2023-06-13,East,Home Office,Office Supplies,Art,200.19,40.04,0.0,9
CA-2023-10337,2023-06-14,Central,Home Office,Office Supplies,Appliances,751.05,150.21,0.0,4
CA-2023-10338,2023-06-14,Central,Home Office,Furniture,Furnishings,488.4,97.68,0.0,5
CA-2023-10339,2023-06-15,East,Consumer,Technology,Copiers,6310.92,1767.06,0.0,9
CA-2023-10340,2023-06-15,Central,Home Office,Furniture,Furnishings,71.76,8.97,0.1,1
CA-2023-10341,2023-06-16,West,Corporate,Furniture,Furnishings,291.19,36.4,0.1,4
CA-2023-10342,2023-06-16,Central,Home Office,Technology,Copiers,4763.04,1333.65,0.0,7
CA-2023-10343,2023-06-17,Central,Corporate,Furniture,Chairs,2123.89,265.49,0.1,9
CA-2023-10344,2023-06-17,South,Consumer,Furniture,Bookcases,2072.02,207.2,0.0,6
CA-2023-10345,2023-06-18,South,Consumer,Furniture,Tables,4245.51,424.55,0.0,8
CA-2023-10346,2023-06-18,West,Corporate,Furniture,Furnishings,865.27,173.05,0.0,9
CA-2023-10347,2023-06-18,West,Corporate,Technology,Laptops,4514.78,564.35,0.1,4
CA-2023-10348,2023-06-19,South,Consumer,Furniture,Chairs,220.45,11.02,0.2,1
CA-2023-10349,2023-06-19,East,Corporate,Furniture,Furnishings,564.36,112.87,0.0,8
CA-2023-10350,2023-06-20,South,Consumer,Furniture,Bookcases,627.13,62.71,0.0,2
CA-2023-10351,2023-06-20,West,Home Office,Office Supplies,Art,10.94,-1.09,0.4,1
CA-2023-10352,2023-06-21,Central,Consumer,Office Supplies,Storage,977.9,195.58,0.0,7
CA-2023-10353,2023-06-21,Central,Consumer,Technology,Laptops,10602.6,2120.52,0.0,9
CA-2023-10354,2023-06-22,South,Consumer,Technology,Laptops,6605.82,-660.58,0.4,9
CA-2023-10355,2023-06-22,East,Consumer,Furniture,Furnishings,181.21,-4.53,0.3,3
CA-2023-10356,2023-06-23,Central,Consumer,Technology,Accessories,588.62,120.67,0.1,6
CA-2023-10357,2023-06-23,East,Consumer,Furniture,Bookcases,1904.73,47.62,0.1,7
CA-2023-10358,2023-06-24,West,Consumer,Office Supplies,Storage,1565.49,313.1,0.0,9
CA-2023-10359,2023-06-24,Central,Home Office,Furniture,Chairs,576.81,115.36,0.0,2
CA-2023-10360,2023-06-25,Central,Home Office,Furniture,Bookcases,2277.92,56.95,0.1,8
CA-2023-10361,2023-06-25,South,Consumer,Furniture,Tables,3488.97,348.9,0.0,7
CA-2023-10362,2023-06-26,East,Home Office,Furniture,Tables,1443.24,36.08,0.1,4
CA-2023-10363,2023-06-26,West,Consumer,Furniture,Chairs,296.95,-51.97,0.5,2
CA-2023-10364,2023-06-27,West,Corporate,Office Supplies,Binders,77.97,-25.34,0.7,8
CA-2023-10365,2023-06-27,East,Corporate,Furniture,Tables,2799.96,280.0,0.0,5
CA-2023-10366,2023-06-28,West,Consumer,Office Supplies,Storage,742.27,37.11,0.2,6
CA-2023-10367,2023-06-28,Central,Consumer,Office Supplies,Binders,223.71,27.96,0.1,7
CA-2023-10368,2023-06-29,East,Consumer,Technology,Phones,350.97,-7.02,0.4,1
CA-2023-10369,2023-06-29,South,Consumer,Technology,Accessories,711.49,199.22,0.0,8
CA-2023-10370,2023-06-30,South,Corporate,Technology,Copiers,3052.3,854.64,0.0,4
CA-2023-10371,2023-06-30,Central,Consumer,Technology,Accessories,827.98,231.83,0.0,9
CA-2023-10372,2023-07-01,South,Consumer,Technology,Phones,518.45,145.17,0.0,1
CA-2023-10373,2023-07-01,Central,Consumer,Office Supplies,Storage,264.89,52.98,0.0,2
CA-2023-10374,2023-07-02,East,Consumer,Technology,Phones,2536.46,139.51,0.3,6
CA-2023-10375,2023-07-02,West,Corporate,Technology,Accessories,76.83,9.99,0.2,1
CA-2023-10376,2023-07-03,East,Consumer,Office Supplies,Art,99.31,19.86,0.0,4
CA-2023-10377,2023-07-03,East,Home Office,Technology,Phones,4226.43,866.42,0.1,8
CA-2023-10378,2023-07-04,South,Consumer,Office Supplies,Appliances,1179.51,235.9,0.0,5
CA-2023-10379,2023-07-04,East,Consumer,Technology,Laptops,7962.73,-796.27,0.4,9
CA-2023-10380,2023-07-05,South,Corporate,Technology,Laptops,3787.02,-662.73,0.5,6
CA-2023-10381,2023-07-05,Central,Consumer,Office Supplies,Storage,50.6,-16.45,0.7,1
CA-2023-10382,2023-07-06,West,Corporate,Furniture,Bookcases,1072.72,-214.54,0.4,6
CA-2023-10383,2023-07-06,South,Corporate,Office Supplies,Appliances,1321.92,264.38,0.0,6
CA-2023-10384,2023-07-07,East,Consumer,Office Supplies,Paper,152.59,42.72,0.0,6
CA-2023-10385,2023-07-07,East,Consumer,Office Supplies,Appliances,1692.74,211.59,0.1,8
CA-2023-10386,2023-07-07,Central,Consumer,Technology,Copiers,2571.35,-244.28,0.5,6
CA-2023-10387,2023-07-08,West,Consumer,Technology,Accessories,471.85,132.12,0.0,5
CA-2023-10388,2023-07-08,Central,Consumer,Office Supplies,Paper,48.62,13.61,0.0,2
CA-2023-10389,2023-07-09,East,Consumer,Office Supplies,Art,68.37,-1.71,0.3,4
CA-2023-10390,2023-07-09,East,Consumer,Office Supplies,Appliances,1193.98,238.8,0.0,5
CA-2023-10391,2023-07-10,South,Corporate,Furniture,Furnishings,291.77,36.47,0.1,4
CA-2023-10392,2023-07-10,East,Corporate,Furniture,Chairs,444.19,22.21,0.2,2
CA-2023-10393,2023-07-11,West,Corporate,Office Supplies,Appliances,1782.07,356.41,0.0,7
CA-2023-10394,2023-07-11,East,Consumer,Technology,Copiers,1974.87,552.96,0.0,2
CA-2023-10395,2023-07-12,South,Consumer,Office Supplies,Appliances,161.67,-4.04,0.3,1
CA-2023-10396,2023-07-12,West,Home Office,Office Supplies,Binders,107.38,5.37,0.2,5
CA-2023-10397,2023-07-13,West,Corporate,Furniture,Bookcases,92.37,-39.26,0.7,1
CA-2023-10398,2023-07-13,West,Home Office,Office Supplies,Art,20.83,4.17,0.0,1
CA-2023-10399,2023-07-14,West,Consumer,Office Supplies,Appliances,265.94,53.19,0.0,1
CA-2023-10400,2023-07-14,South,Corporate,Technology,Accessories,435.42,56.6,0.2,6
CA-2023-10401,2023-07-15,Central,Corporate,Office Supplies,Art,199.48,24.93,0.1,9
CA-2023-10402,2023-07-15,East,Consumer,Furniture,Bookcases,313.22,31.32,0.0,1
CA-2023-10403,2023-07-16,Central,Consumer,Office Supplies,Storage,607.36,-15.18,0.3,5
CA-2023-10404,2023-07-16,East,Corporate,Technology,Copiers,6143.61,1720.21,0.0,9
CA-2023-10405,2023-07-17,South,Consumer,Office Supplies,Art,217.71,43.54,0.0,9
CA-2023-10406,2023-07-17,South,Consumer,Furniture,Chairs,305.61,61.12,0.0,1
CA-2023-10407,2023-07-18,East,Corporate,Technology,Laptops,11850.32,2370.06,0.0,8
CA-2023-10408,2023-07-18,South,Home Office,Office Supplies,Art,15.39,1.92,0.1,1
CA-2023-10409,2023-07-19,Central,Consumer,Technology,Laptops,7937.4,992.17,0.1,8
CA-2023-10410,2023-07-19,West,Consumer,Technology,Accessories,80.03,10.4,0.2,1
CA-2023-10411,2023-07-20,West,Consumer,Office Supplies,Binders,64.51,-11.29,0.5,5
CA-2023-10412,2023-07-20,East,Corporate,Office Supplies,Storage,980.5,196.1,0.0,8
CA-2023-10413,2023-07-21,Central,Consumer,Furniture,Chairs,1407.65,281.53,0.0,6
CA-2023-10414,2023-07-21,South,Home Office,Furniture,Tables,4272.65,427.27,0.0,9
CA-2023-10415,2023-07-22,Central,Consumer,Furniture,Tables,480.76,48.08,0.0,1
CA-2023-10416,2023-07-22,South,Consumer,Technology,Accessories,559.68,72.76,0.2,9
CA-2023-10417,2023-07-23,Central,Corporate,Technology,Phones,367.26,47.74,0.2,1
CA-2023-10418,2023-07-23,South,Home Office,Office Supplies,Binders,66.14,-1.65,0.3,3
CA-2023-10419,2023-07-24,Central,Consumer,Office Supplies,Binders,32.63,6.53,0.0,1
CA-2023-10420,2023-07-24,East,Consumer,Office Supplies,Art,54.56,10.91,0.0,3
CA-2023-10421,2023-07-25,East,Home Office,Office Supplies,Paper,45.43,9.31,0.1,2
CA-2023-10422,2023-07-25,Central,Consumer,Technology,Phones,1211.76,339.29,0.0,2
CA-2023-10423,2023-07-25,West,Home Office,Furniture,Chairs,2249.21,112.46,0.2,9
CA-2023-10424,2023-07-26,Central,Consumer,Technology,Laptops,3585.27,-1165.21,0.7,8
CA-2023-10425,2023-07-26,West,Corporate,Furniture,Tables,541.2,54.12,0.0,1
CA-2023-10426,2023-07-27,East,Corporate,Furniture,Chairs,705.5,-17.64,0.3,4
CA-2023-10427,2023-07-27,Central,Consumer,Office Supplies,Art,20.24,2.53,0.1,1
CA-2023-10428,2023-07-28,West,Home Office,Furniture,Chairs,254.16,50.83,0.0,1
CA-2023-10429,2023-07-28,West,Consumer,Technology,Laptops,4792.65,599.08,0.1,4
CA-2023-10430,2023-07-29,East,Consumer,Technology,Phones,973.77,272.66,0.0,2
CA-2023-10431,2023-07-29,South,Corporate,Office Supplies,Art,65.55,13.11,0.0,3
CA-2023-10432,2023-07-30,West,Consumer,Furniture,Furnishings,610.27,30.51,0.2,9
CA-2023-10433,2023-07-30,South,Corporate,Technology,Copiers,825.4,-16.51,0.4,2
CA-2023-10434,2023-07-31,West,Consumer,Technology,Phones,2332.56,653.12,0.0,4
CA-2023-10435,2023-07-31,South,Consumer,Office Supplies,Storage,119.67,23.93,0.0,1
CA-2023-10436,2023-08-01,South,Consumer,Technology,Phones,580.36,-11.61,0.4,2
CA-2023-10437,2023-08-01,East,Consumer,Office Supplies,Appliances,656.32,-16.41,0.3,5
CA-2023-10438,2023-08-02,East,Consumer,Office Supplies,Storage,112.05,5.6,0.2,1
CA-2023-10439,2023-08-02,East,Corporate,Technology,Accessories,551.42,154.4,0.0,7
CA-2023-10440,2023-08-03,Central,Home Office,Technology,Phones,1215.4,-115.46,0.5,4
CA-2023-10441,2023-08-03,West,Home Office,Office Supplies,Appliances,1341.48,268.3,0.0,6
CA-2023-10442,2023-08-04,West,Consumer,Furniture,Furnishings,529.3,26.47,0.2,8
CA-2023-10443,2023-08-04,West,Consumer,Furniture,Bookcases,1781.89,178.19,0.0,6
CA-2023-10444,2023-08-05,East,Consumer,Office Supplies,Art,35.23,1.76,0.2,2
CA-2023-10445,2023-08-05,West,Consumer,Office Supplies,Binders,34.91,6.98,0.0,1
CA-2023-10446,2023-08-06,Central,Corporate,Office Supplies,Appliances,1757.07,219.63,0.1,8
CA-2023-10447,2023-08-06,South,Consumer,Office Supplies,Binders,275.83,55.17,0.0,8
CA-2023-10448,2023-08-07,East,Consumer,Furniture,Furnishings,872.92,174.58,0.0,9
CA-2023-10449,2023-08-07,East,Home Office,Technology,Copiers,4590.41,596.75,0.2,6
CA-2023-10450,2023-08-08,East,Consumer,Office Supplies,Appliances,147.79,-14.78,0.4,1
CA-2023-10451,2023-08-08,South,Consumer,Furniture,Tables,1137.06,-483.25,0.7,9
CA-2023-10452,2023-08-09,South,Consumer,Furniture,Furnishings,265.22,53.04,0.0,3
CA-2023-10453,2023-08-09,South,Consumer,Office Supplies,Storage,707.24,35.36,0.2,6
CA-2023-10454,2023-08-10,South,Home Office,Technology,Phones,4092.8,532.06,0.2,9
CA-2023-10455,2023-08-10,West,Consumer,Furniture,Chairs,887.38,177.48,0.0,3
CA-2023-10456,2023-08-11,South,Consumer,Technology,Copiers,4588.35,1284.74,0.0,5
CA-2023-10457,2023-08-11,Central,Consumer,Furniture,Chairs,1188.62,59.43,0.2,5
CA-2023-10458,2023-08-12,West,Consumer,Technology,Laptops,3677.3,-643.53,0.5,7
CA-2023-10459,2023-08-12,South,Consumer,Technology,Laptops,3312.57,165.63,0.2,4
CA-2023-10460,2023-08-13,West,Home Office,Technology,Phones,1716.12,351.8,0.1,4
CA-2023-10461,2023-08-13,Central,Home Office,Furniture,Tables,3431.11,85.78,0.1,7
CA-2023-10462,2023-08-13,West,Corporate,Office Supplies,Art,212.3,42.46,0.0,9
CA-2023-10463,2023-08-14,East,Consumer,Furniture,Chairs,786.16,-19.65,0.3,4
CA-2023-10464,2023-08-14,Central,Home Office,Office Supplies,Paper,90.42,11.76,0.2,4
CA-2023-10465,2023-08-15,East,Corporate,Furniture,Furnishings,547.52,109.5,0.0,6
CA-2023-10466,2023-08-15,East,Consumer,Technology,Phones,2208.67,-44.17,0.4,6
CA-2023-10467,2023-08-16,East,Corporate,Office Supplies,Paper,207.0,57.96,0.0,7
CA-2023-10468,2023-08-16,South,Consumer,Technology,Phones,164.9,-40.4,0.7,1
CA-2023-10469,2023-08-17,West,Consumer,Office Supplies,Paper,83.72,23.44,0.0,3
CA-2023-10470,2023-08-17,East,Corporate,Technology,Laptops,10103.36,2020.67,0.0,9
CA-2023-10471,2023-08-18,South,Consumer,Office Supplies,Appliances,1469.06,293.81,0.0,6
CA-2023-10472,2023-08-18,South,Corporate,Technology,Copiers,4405.85,903.2,0.1,6
CA-2023-10473,2023-08-19,East,Consumer,Office Supplies,Art,91.12,18.22,0.0,5
CA-2023-10474,2023-08-19,Central,Home Office,Furniture,Chairs,791.48,98.93,0.1,3
CA-2023-10475,2023-08-20,South,Home Office,Office Supplies,Binders,142.3,17.79,0.1,5
CA-2023-10476,2023-08-20,South,Home Office,Technology,Laptops,1191.33,59.57,0.2,1
CA-2023-10477,2023-08-21,East,Consumer,Furniture,Tables,1299.61,129.96,0.0,3
CA-2023-10478,2023-08-21,West,Consumer,Office Supplies,Appliances,825.48,103.18,0.1,4
CA-2023-10479,2023-08-22,West,Consumer,Furniture,Furnishings,411.68,82.34,0.0,5
CA-2023-10480,2023-08-22,West,Consumer,Furniture,Chairs,1616.96,80.85,0.2,9
CA-2023-10481,2023-08-23,East,Consumer,Office Supplies,Appliances,897.99,179.6,0.0,4
CA-2023-10482,2023-08-23,West,Corporate,Furniture,Bookcases,434.26,-119.42,0.5,3
CA-2023-10483,2023-08-24,Central,Corporate,Furniture,Bookcases,219.39,-10.97,0.2,1
CA-2023-10484,2023-08-24,East,Home Office,Furniture,Tables,2339.76,58.49,0.1,6
CA-2023-10485,2023-08-25,West,Consumer,Office Supplies,Storage,831.99,104.0,0.1,7
CA-2023-10486,2023-08-25,South,Consumer,Technology,Laptops,10978.84,2195.77,0.0,8
CA-2023-10487,2023-08-26,East,Consumer,Technology,Copiers,689.85,193.16,0.0,1
CA-2023-10488,2023-08-26,West,Home Office,Office Supplies,Paper,65.82,-1.32,0.4,4
CA-2023-10489,2023-08-27,South,Corporate,Office Supplies,Paper,72.14,-6.85,0.5,5
CA-2023-10490,2023-08-27,West,Home Office,Furniture,Furnishings,166.77,33.35,0.0,2
CA-2023-10491,2023-08-28,Central,Home Office,Furniture,Bookcases,330.11,8.25,0.1,1
CA-2023-10492,2023-08-28,Central,Corporate,Technology,Copiers,5801.74,754.23,0.2,8
CA-2023-10493,2023-08-29,East,Consumer,Technology,Phones,2758.01,358.54,0.2,6
CA-2023-10494,2023-08-29,South,Consumer,Furniture,Bookcases,1393.16,139.32,0.0,5
CA-2023-10495,2023-08-30,East,Corporate,Furniture,Chairs,2612.07,522.41,0.0,9
CA-2023-10496,2023-08-30,East,Consumer,Furniture,Furnishings,189.25,37.85,0.0,2
CA-2023-10497,2023-08-31,West,Consumer,Technology,Copiers,4455.39,245.05,0.3,8
CA-2023-10498,2023-08-31,West,Home Office,Office Supplies,Paper,189.41,38.83,0.1,9
CA-2023-10499,2023-09-01,South,Home Office,Office Supplies,Art,18.07,2.26,0.1,1
CA-2023-10500,2023-09-01,East,Corporate,Office Supplies,Art,80.21,-14.04,0.5,7
CA-2023-10501,2023-09-01,East,Corporate,Furniture,Furnishings,520.73,26.04,0.2,8
CA-2023-10502,2023-09-02,East,Corporate,Technology,Phones,1030.19,-20.6,0.4,3
CA-2023-10503,2023-09-02,East,Consumer,Office Supplies,Storage,451.29,56.41,0.1,4
CA-2023-10504,2023-09-03,West,Consumer,Office Supplies,Paper,87.93,24.62,0.0,3
CA-2023-10505,2023-09-03,East,Corporate,Technology,Phones,1664.75,-158.15,0.5,7
CA-2023-10506,2023-09-04,Central,Corporate,Office Supplies,Storage,1076.81,134.6,0.1,9
CA-2023-10507,2023-09-04,West,Consumer,Office Supplies,Storage,456.18,91.24,0.0,3
CA-2023-10508,2023-09-05,West,Home Office,Office Supplies,Paper,131.71,36.88,0.0,6
CA-2023-10509,2023-09-05,West,Consumer,Office Supplies,Art,137.68,27.54,0.0,8
CA-2023-10510,2023-09-06,East,Consumer,Furniture,Furnishings,412.31,51.54,0.1,6
CA-2023-10511,2023-09-06,South,Corporate,Furniture,Chairs,319.57,-31.96,0.4,2
CA-2023-10512,2023-09-07,West,Consumer,Office Supplies,Binders,127.37,-22.29,0.5,7
CA-2023-10513,2023-09-07,West,Consumer,Office Supplies,Appliances,261.49,-45.76,0.5,2
CA-2023-10514,2023-09-08,West,Consumer,Technology,Accessories,188.31,52.73,0.0,2
CA-2023-10515,2023-09-08,Central,Corporate,Technology,Copiers,1383.71,387.44,0.0,2
CA-2023-10516,2023-09-09,Central,Consumer,Furniture,Bookcases,319.23,31.92,0.0,1
CA-2023-10517,2023-09-09,East,Corporate,Office Supplies,Storage,95.08,-9.51,0.4,1
CA-2023-10518,2023-09-10,Central,Corporate,Office Supplies,Storage,965.95,193.19,0.0,7
CA-2023-10519,2023-09-10,Central,Consumer,Technology,Copiers,2862.16,372.08,0.2,5
CA-2023-10520,2023-09-11,South,Home Office,Furniture,Bookcases,692.23,-34.61,0.2,3
CA-2023-10521,2023-09-11,Central,Consumer,Furniture,Bookcases,312.83,7.82,0.1,1
CA-2023-10522,2023-09-12,West,Home Office,Office Supplies,Binders,178.29,35.66,0.0,6
CA-2023-10523,2023-09-12,West,Corporate,Office Supplies,Art,7.05,-2.29,0.7,1
CA-2023-10524,2023-09-13,West,Home Office,Office Supplies,Art,52.8,-17.16,0.7,9
CA-2023-10525,2023-09-13,East,Consumer,Furniture,Tables,823.88,82.39,0.0,2
CA-2023-10526,2023-09-14,South,Consumer,Furniture,Tables,414.86,10.37,0.1,1
CA-2023-10527,2023-09-14,East,Consumer,Technology,Copiers,1731.93,-424.32,0.7,7
CA-2023-10528,2023-09-15,West,Consumer,Technology,Copiers,4110.93,1151.06,0.0,6
CA-2023-10529,2023-09-15,Central,Corporate,Office Supplies,Binders,145.28,18.16,0.1,6
CA-2023-10530,2023-09-16,East,Consumer,Office Supplies,Appliances,1016.37,203.27,0.0,5
CA-2023-10531,2023-09-16,West,Corporate,Office Supplies,Paper,80.59,16.52,0.1,4
CA-2023-10532,2023-09-17,East,Consumer,Office Supplies,Paper,98.66,27.63,0.0,4
CA-2023-10533,2023-09-17,East,Consumer,Furniture,Chairs,834.2,104.27,0.1,3
CA-2023-10534,2023-09-18,Central,Corporate,Office Supplies,Binders,252.89,50.58,0.0,8
CA-2023-10535,2023-09-18,West,Consumer,Office Supplies,Binders,208.09,26.01,0.1,7
CA-2023-10536,2023-09-19,West,Corporate,Office Supplies,Storage,375.19,-121.94,0.7,9
CA-2023-10537,2023-09-19,East,Corporate,Technology,Phones,342.79,18.85,0.3,1
CA-2023-10538,2023-09-20,West,Home Office,Furniture,Furnishings,336.83,-8.42,0.3,7
CA-2023-10539,2023-09-20,Central,Consumer,Technology,Laptops,4032.51,201.63,0.2,4
CA-2023-10540,2023-09-20,East,Corporate,Office Supplies,Appliances,1606.9,321.38,0.0,7
CA-2023-10541,2023-09-21,East,Home Office,Furniture,Tables,410.91,41.09,0.0,1
CA-2023-10542,2023-09-21,South,Corporate,Technology,Phones,1444.66,-137.24,0.5,5
CA-2023-10543,2023-09-22,Central,Consumer,Office Supplies,Paper,78.53,21.99,0.0,3
CA-2023-10544,2023-09-22,West,Corporate,Furniture,Chairs,1232.0,246.4,0.0,5
CA-2023-10545,2023-09-23,East,Corporate,Furniture,Tables,1308.62,-65.43,0.2,4
CA-2023-10546,2023-09-23,Central,Corporate,Technology,Accessories,192.76,53.97,0.0,2
CA-2023-10547,2023-09-24,Central,Consumer,Office Supplies,Binders,138.14,27.63,0.0,4
CA-2023-10548,2023-09-24,West,Consumer,Furniture,Tables,389.93,-165.72,0.7,3
CA-2023-10549,2023-09-25,South,Home Office,Office Supplies,Art,11.25,-1.13,0.4,1
CA-2023-10550,2023-09-25,East,Consumer,Furniture,Furnishings,609.85,76.23,0.1,8
CA-2023-10551,2023-09-26,West,Corporate,Office Supplies,Appliances,301.01,-97.83,0.7,5
CA-2023-10552,2023-09-26,West,Consumer,Furniture,Bookcases,1071.98,-53.6,0.2,4
CA-2023-10553,2023-09-27,West,Corporate,Furniture,Furnishings,349.48,17.47,0.2,5
CA-2023-10554,2023-09-27,Central,Consumer,Office Supplies,Binders,106.18,21.24,0.0,4
CA-2023-10555,2023-09-28,West,Consumer,Furniture,Tables,1167.22,116.72,0.0,3
CA-2023-10556,2023-09-28,West,Home Office,Technology,Phones,2196.23,285.51,0.2,5
CA-2023-10557,2023-09-29,South,Home Office,Technology,Phones,1161.26,-23.23,0.4,4
CA-2023-10558,2023-09-29,East,Corporate,Office Supplies,Appliances,155.69,7.78,0.2,1
CA-2023-10559,2023-09-30,West,Consumer,Furniture,Tables,1557.59,155.76,0.0,3
CA-2023-10560,2023-09-30,West,Corporate,Office Supplies,Storage,1092.69,218.54,0.0,8
CA-2023-10561,2023-10-01,West,Corporate,Technology,Laptops,6078.98,-151.97,0.3,7
CA-2023-10562,2023-10-01,West,Corporate,Technology,Accessories,170.05,47.61,0.0,2
CA-2023-10563,2023-10-02,Central,Consumer,Technology,Phones,495.42,101.56,0.1,1
CA-2023-10564,2023-10-02,West,Corporate,Furniture,Furnishings,232.94,46.59,0.0,3
CA-2023-10565,2023-10-03,West,Corporate,Furniture,Tables,2783.72,278.37,0.0,5
CA-2023-10566,2023-10-03,Central,Home Office,Furniture,Bookcases,271.48,-13.57,0.2,1
CA-2023-10567,2023-10-04,Central,Consumer,Furniture,Chairs,542.81,27.14,0.2,3
CA-2023-10568,2023-10-04,East,Corporate,Office Supplies,Paper,76.25,21.35,0.0,3
CA-2023-10569,2023-10-05,East,Corporate,Technology,Copiers,4016.67,1124.67,0.0,5
CA-2023-10570,2023-10-05,West,Consumer,Furniture,Bookcases,670.13,-83.77,0.3,3
CA-2023-10571,2023-10-06,East,Consumer,Office Supplies,Appliances,2349.81,469.96,0.0,9
CA-2023-10572,2023-10-06,East,Consumer,Furniture,Tables,438.76,10.97,0.1,1
CA-2023-10573,2023-10-07,East,Consumer,Furniture,Chairs,262.39,-85.28,0.7,4
CA-2023-10574,2023-10-07,South,Consumer,Office Supplies,Binders,133.46,26.69,0.0,4
CA-2023-10575,2023-10-08,West,Corporate,Office Supplies,Appliances,93.86,-16.43,0.5,1
CA-2023-10576,2023-10-08,Central,Corporate,Technology,Laptops,2788.76,557.75,0.0,2
CA-2023-10577,2023-10-08,West,Corporate,Office Supplies,Appliances,221.1,27.64,0.1,1
CA-2023-10578,2023-10-09,Central,Home Office,Furniture,Chairs,1460.27,292.05,0.0,6
CA-2023-10579,2023-10-09,Central,Consumer,Technology,Copiers,696.22,-170.57,0.7,3
CA-2023-10580,2023-10-10,South,Consumer,Furniture,Furnishings,654.81,130.96,0.0,7
CA-2023-10581,2023-10-10,West,Corporate,Office Supplies,Storage,814.33,162.87,0.0,5
CA-2023-10582,2023-10-11,East,Consumer,Furniture,Tables,1203.97,-511.69,0.7,9
CA-2023-10583,2023-10-11,East,Consumer,Technology,Phones,3054.17,626.11,0.1,7
CA-2023-10584,2023-10-12,Central,Consumer,Furniture,Furnishings,309.29,38.66,0.1,4
CA-2023-10585,2023-10-12,East,Consumer,Technology,Phones,2133.37,597.34,0.0,5
CA-2023-10586,2023-10-13,East,Home Office,Technology,Accessories,317.9,41.33,0.2,5
CA-2023-10587,2023-10-13,East,Consumer,Technology,Laptops,5402.81,1080.56,0.0,5
CA-2023-10588,2023-10-14,West,Consumer,Technology,Copiers,6653.99,1863.12,0.0,9
CA-2023-10589,2023-10-14,East,Consumer,Technology,Laptops,3417.58,427.2,0.1,3
CA-2023-10590,2023-10-15,West,Corporate,Technology,Accessories,673.32,188.53,0.0,6
CA-2023-10591,2023-10-15,South,Consumer,Furniture,Bookcases,799.95,-339.98,0.7,8
CA-2023-10592,2023-10-16,Central,Corporate,Technology,Phones,1967.67,-186.93,0.5,9
CA-2023-10593,2023-10-16,South,Consumer,Technology,Copiers,4749.84,617.48,0.2,7
CA-2023-10594,2023-10-17,West,Consumer,Office Supplies,Paper,55.05,3.03,0.3,3
CA-2023-10595,2023-10-17,South,Corporate,Furniture,Bookcases,217.84,-10.89,0.2,1
CA-2023-10596,2023-10-18,Central,Consumer,Office Supplies,Binders,146.17,29.23,0.0,4
CA-2023-10597,2023-10-18,Central,Consumer,Technology,Phones,2155.24,118.54,0.3,6
CA-2023-10598,2023-10-19,Central,Consumer,Technology,Phones,1871.74,524.09,0.0,3
CA-2023-10599,2023-10-19,West,Home Office,Technology,Laptops,1221.63,244.33,0.0,1
CA-2023-10600,2023-10-20,Central,Consumer,Technology,Phones,2295.68,126.26,0.3,6
CA-2023-10601,2023-10-20,East,Corporate,Technology,Laptops,963.26,120.41,0.1,1
CA-2023-10602,2023-10-21,West,Consumer,Technology,Copiers,4456.91,-89.14,0.4,9
CA-2023-10603,2023-10-21,West,Consumer,Technology,Laptops,1134.61,226.92,0.0,1
CA-2023-10604,2023-10-22,South,Consumer,Technology,Copiers,4547.43,591.17,0.2,6
CA-2023-10605,2023-10-22,South,Home Office,Furniture,Tables,523.61,52.36,0.0,1
CA-2023-10606,2023-10-23,South,Consumer,Technology,Accessories,594.55,77.29,0.2,7
CA-2023-10607,2023-10-23,Central,Consumer,Furniture,Bookcases,717.85,-89.73,0.3,3
CA-2023-10608,2023-10-24,West,Consumer,Furniture,Furnishings,511.09,63.89,0.1,6
CA-2023-10609,2023-10-24,West,Consumer,Office Supplies,Storage,911.72,182.34,0.0,7
CA-2023-10610,2023-10-25,West,Consumer,Technology,Copiers,824.65,230.9,0.0,1
CA-2023-10611,2023-10-25,West,Corporate,Office Supplies,Storage,157.74,31.55,0.0,1
CA-2023-10612,2023-10-26,East,Consumer,Furniture,Chairs,1104.96,55.25,0.2,5
CA-2023-10613,2023-10-26,West,Consumer,Technology,Laptops,4091.55,-716.02,0.5,6
CA-2023-10614,2023-10-27,East,Corporate,Office Supplies,Appliances,1860.61,372.12,0.0,9
CA-2023-10615,2023-10-27,South,Consumer,Office Supplies,Art,14.23,0.71,0.2,1
CA-2023-10616,2023-10-27,East,Consumer,Technology,Phones,1460.07,-29.2,0.4,4
CA-2023-10617,2023-10-28,South,Consumer,Technology,Laptops,9279.95,1159.99,0.1,8
CA-2023-10618,2023-10-28,Central,Corporate,Office Supplies,Binders,196.89,9.84,0.2,9
CA-2023-10619,2023-10-29,West,Consumer,Office Supplies,Art,49.03,-1.23,0.3,3
CA-2023-10620,2023-10-29,East,Consumer,Technology,Phones,1215.97,340.47,0.0,2
CA-2023-10621,2023-10-30,West,Consumer,Technology,Accessories,330.42,92.52,0.0,4
CA-2023-10622,2023-10-30,East,Corporate,Furniture,Furnishings,188.31,37.66,0.0,2
CA-2023-10623,2023-10-31,Central,Consumer,Furniture,Bookcases,110.1,-46.79,0.7,1
CA-2023-10624,2023-10-31,West,Corporate,Furniture,Tables,827.11,-227.45,0.5,3
CA-2023-10625,2023-11-01,West,Home Office,Furniture,Bookcases,1787.02,-223.38,0.3,7
CA-2023-10626,2023-11-01,East,Corporate,Furniture,Bookcases,320.57,32.06,0.0,1
CA-2023-10627,2023-11-02,South,Consumer,Office Supplies,Storage,250.11,31.26,0.1,2
CA-2023-10628,2023-11-02,Central,Consumer,Technology,Accessories,76.76,21.49,0.0,1
CA-2023-10629,2023-11-03,Central,Consumer,Technology,Copiers,5595.94,1566.86,0.0,8
CA-2023-10630,2023-11-03,West,Consumer,Office Supplies,Appliances,898.95,44.95,0.2,5
CA-2023-10631,2023-11-04,Central,Consumer,Office Supplies,Art,48.47,-15.75,0.7,8
CA-2023-10632,2023-11-04,Central,Corporate,Furniture,Tables,623.62,-171.5,0.5,3
CA-2023-10633,2023-11-05,Central,Consumer,Furniture,Bookcases,1693.76,-84.69,0.2,7
CA-2023-10634,2023-11-05,South,Consumer,Technology,Phones,3679.44,1030.24,0.0,8
CA-2023-10635,2023-11-06,East,Corporate,Furniture,Chairs,1784.27,356.85,0.0,6
CA-2023-10636,2023-11-06,South,Corporate,Furniture,Chairs,1696.24,339.25,0.0,7
CA-2023-10637,2023-11-07,South,Consumer,Technology,Copiers,1220.16,67.11,0.3,2
CA-2023-10638,2023-11-07,West,Home Office,Technology,Accessories,529.77,29.14,0.3,8
CA-2023-10639,2023-11-08,East,Consumer,Furniture,Bookcases,1306.13,130.61,0.0,5
CA-2023-10640,2023-11-08,South,Corporate,Technology,Laptops,9275.31,1159.41,0.1,7
CA-2023-10641,2023-11-09,West,Corporate,Technology,Accessories,95.48,26.73,0.0,1
CA-2023-10642,2023-11-09,East,Corporate,Technology,Accessories,441.01,123.48,0.0,5
CA-2023-10643,2023-11-10,South,Corporate,Technology,Phones,410.96,84.25,0.1,1
CA-2023-10644,2023-11-10,East,Consumer,Technology,Laptops,9459.94,1891.99,0.0,8
CA-2023-10645,2023-11-11,West,Consumer,Office Supplies,Appliances,679.7,84.96,0.1,4
CA-2023-10646,2023-11-11,East,Corporate,Furniture,Bookcases,716.7,-143.34,0.4,4
CA-2023-10647,2023-11-12,West,Consumer,Office Supplies,Paper,47.82,9.8,0.1,2
CA-2023-10648,2023-11-12,East,Home Office,Office Supplies,Art,119.87,23.97,0.0,5
CA-2023-10649,2023-11-13,West,Consumer,Furniture,Bookcases,337.48,33.75,0.0,1
CA-2023-10650,2023-11-13,Central,Consumer,Technology,Copiers,5797.22,1188.43,0.1,9
CA-2023-10651,2023-11-14,East,Consumer,Furniture,Tables,2045.47,204.55,0.0,5
CA-2023-10652,2023-11-14,Central,Consumer,Furniture,Tables,2757.37,275.74,0.0,6
CA-2023-10653,2023-11-15,Central,Corporate,Office Supplies,Paper,41.77,8.56,0.1,2
CA-2023-10654,2023-11-15,East,Corporate,Furniture,Furnishings,62.0,7.75,0.1,1
CA-2023-10655,2023-11-15,Central,Corporate,Technology,Phones,1640.81,90.24,0.3,4
CA-2023-10656,2023-11-16,West,Home Office,Technology,Accessories,540.42,151.32,0.0,7
CA-2023-10657,2023-11-16,East,Home Office,Furniture,Chairs,1241.39,-31.03,0.3,6
CA-2023-10658,2023-11-17,West,Home Office,Furniture,Furnishings,72.61,14.52,0.0,1
CA-2023-10659,2023-11-17,South,Consumer,Furniture,Furnishings,99.19,19.84,0.0,1
CA-2023-10660,2023-11-18,West,Corporate,Furniture,Bookcases,2357.75,58.94,0.1,8
CA-2023-10661,2023-11-18,East,Consumer,Office Supplies,Binders,123.55,15.44,0.1,4
CA-2023-10662,2023-11-19,Central,Consumer,Furniture,Tables,1005.97,-276.64,0.5,5
CA-2023-10663,2023-11-19,East,Corporate,Technology,Accessories,602.2,78.29,0.2,7
CA-2023-10664,2023-11-20,West,Consumer,Technology,Phones,2371.35,-225.28,0.5,8
CA-2023-10665,2023-11-20,East,Consumer,Technology,Laptops,4667.03,-816.73,0.5,7
CA-2023-10666,2023-11-21,Central,Consumer,Technology,Phones,840.73,109.29,0.2,2
CA-2023-10667,2023-11-21,Central,Consumer,Technology,Copiers,3279.16,672.23,0.1,4
CA-2023-10668,2023-11-22,East,Home Office,Technology,Laptops,920.56,115.07,0.1,1
CA-2023-10669,2023-11-22,East,Consumer,Technology,Accessories,264.14,-64.71,0.7,9
CA-2023-10670,2023-11-23,East,Consumer,Technology,Accessories,224.71,12.36,0.3,3
CA-2023-10671,2023-11-23,Central,Consumer,Office Supplies,Storage,416.96,83.39,0.0,3
CA-2023-10672,2023-11-24,East,Consumer,Technology,Laptops,6753.47,-168.84,0.3,9
CA-2023-10673,2023-11-24,East,Home Office,Furniture,Chairs,763.76,152.75,0.0,3
CA-2023-10674,2023-11-25,West,Consumer,Furniture,Furnishings,657.12,82.14,0.1,8
CA-2023-10675,2023-11-25,West,Corporate,Office Supplies,Art,35.72,7.14,0.0,2
CA-2023-10676,2023-11-26,West,Corporate,Technology,Phones,1118.9,145.46,0.2,3
CA-2023-10677,2023-11-26,West,Home Office,Furniture,Furnishings,87.27,-8.73,0.4,2
CA-2023-10678,2023-11-27,East,Corporate,Office Supplies,Appliances,257.13,51.43,0.0,1
CA-2023-10679,2023-11-27,Central,Home Office,Office Supplies,Binders,52.51,10.5,0.0,2
CA-2023-10680,2023-11-28,West,Consumer,Office Supplies,Binders,269.91,53.98,0.0,8
CA-2023-10681,2023-11-28,South,Consumer,Technology,Laptops,8610.48,430.52,0.2,9
CA-2023-10682,2023-11-29,West,Consumer,Technology,Laptops,2765.56,553.11,0.0,2
CA-2023-10683,2023-11-29,Central,Home Office,Office Supplies,Appliances,1903.06,380.61,0.0,7
CA-2023-10684,2023-11-30,Central,Consumer,Office Supplies,Paper,111.98,31.35,0.0,5
CA-2023-10685,2023-11-30,East,Consumer,Furniture,Tables,1185.54,29.64,0.1,3
CA-2023-10686,2023-12-01,West,Consumer,Furniture,Tables,4754.9,475.49,0.0,9
CA-2023-10687,2023-12-01,Central,Consumer,Technology,Phones,2295.51,298.42,0.2,6
CA-2023-10688,2023-12-02,East,Consumer,Office Supplies,Binders,28.08,5.62,0.0,1
CA-2023-10689,2023-12-02,South,Home Office,Technology,Phones,2360.3,306.84,0.2,5
CA-2023-10690,2023-12-03,East,Consumer,Technology,Phones,4356.92,1219.94,0.0,7
CA-2023-10691,2023-12-03,South,Corporate,Furniture,Furnishings,308.95,38.62,0.1,4
CA-2023-10692,2023-12-03,West,Corporate,Furniture,Bookcases,2306.93,230.69,0.0,8
CA-2023-10693,2023-12-04,Central,Consumer,Technology,Copiers,3230.16,419.92,0.2,5
CA-2023-10694,2023-12-04,Central,Consumer,Technology,Accessories,371.81,-35.32,0.5,9
CA-2023-10695,2023-12-05,Central,Consumer,Furniture,Bookcases,1558.92,-428.7,0.5,9
CA-2023-10696,2023-12-05,West,Consumer,Technology,Accessories,845.2,173.26,0.1,9
CA-2023-10697,2023-12-06,Central,Corporate,Furniture,Tables,486.02,12.15,0.1,1
CA-2023-10698,2023-12-06,East,Consumer,Technology,Copiers,963.92,53.02,0.3,2
CA-2023-10699,2023-12-07,Central,Consumer,Furniture,Bookcases,773.85,-38.69,0.2,3
CA-2023-10700,2023-12-07,East,Corporate,Furniture,Chairs,935.7,187.14,0.0,4
CA-2023-10701,2023-12-08,South,Home Office,Technology,Laptops,7456.83,-186.42,0.3,9
CA-2023-10702,2023-12-08,West,Home Office,Technology,Copiers,5028.4,1030.82,0.1,6
CA-2023-10703,2023-12-09,Central,Home Office,Technology,Accessories,83.41,23.36,0.0,1
CA-2023-10704,2023-12-09,South,Corporate,Technology,Phones,4974.02,1392.72,0.0,9
CA-2023-10705,2023-12-10,Central,Consumer,Office Supplies,Appliances,1467.61,293.52,0.0,6
CA-2023-10706,2023-12-10,East,Corporate,Technology,Copiers,3547.12,727.16,0.1,4
CA-2023-10707,2023-12-11,East,Consumer,Office Supplies,Binders,139.21,27.84,0.0,4
CA-2023-10708,2023-12-11,South,Corporate,Technology,Copiers,2811.49,787.22,0.0,3
CA-2023-10709,2023-12-12,West,Corporate,Office Supplies,Storage,1041.39,208.28,0.0,7
CA-2023-10710,2023-12-12,East,Consumer,Office Supplies,Binders,74.9,9.36,0.1,3
CA-2023-10711,2023-12-13,Central,Corporate,Furniture,Chairs,408.09,20.4,0.2,2
CA-2023-10712,2023-12-13,Central,Home Office,Furniture,Tables,3851.26,385.13,0.0,8
CA-2023-10713,2023-12-14,West,Consumer,Furniture,Chairs,1121.37,224.27,0.0,4
CA-2023-10714,2023-12-14,Central,Home Office,Technology,Laptops,10493.6,2098.72,0.0,8
CA-2023-10715,2023-12-15,Central,Consumer,Office Supplies,Art,10.08,-1.76,0.5,1
CA-2023-10716,2023-12-15,West,Corporate,Office Supplies,Binders,129.08,16.13,0.1,5
CA-2023-10717,2023-12-16,South,Consumer,Office Supplies,Appliances,1634.61,204.33,0.1,9
CA-2023-10718,2023-12-16,West,Corporate,Technology,Copiers,902.03,252.57,0.0,1
CA-2023-10719,2023-12-17,East,Home Office,Office Supplies,Paper,88.65,11.52,0.2,4
CA-2023-10720,2023-12-17,West,Home Office,Office Supplies,Art,121.49,15.19,0.1,6
CA-2023-10721,2023-12-18,West,Corporate,Technology,Copiers,6393.67,1790.23,0.0,8
CA-2023-10722,2023-12-18,South,Consumer,Technology,Phones,1432.44,401.08,0.0,3
CA-2023-10723,2023-12-19,East,Home Office,Office Supplies,Appliances,1269.28,253.86,0.0,5
CA-2023-10724,2023-12-19,East,Consumer,Furniture,Chairs,1420.34,-35.51,0.3,7
CA-2023-10725,2023-12-20,West,Home Office,Office Supplies,Storage,86.71,-8.67,0.4,1
CA-2023-10726,2023-12-20,East,Consumer,Technology,Copiers,4904.53,637.59,0.2,7
CA-2023-10727,2023-12-21,East,Consumer,Office Supplies,Art,127.92,6.4,0.2,8
CA-2023-10728,2023-12-21,East,Corporate,Technology,Copiers,7236.98,2026.36,0.0,8
CA-2023-10729,2023-12-22,East,Consumer,Technology,Laptops,11511.29,1438.91,0.1,9
CA-2023-10730,2023-12-22,South,Consumer,Technology,Accessories,486.13,63.2,0.2,6
CA-2023-10731,2023-12-22,East,Consumer,Office Supplies,Appliances,1392.64,278.53,0.0,6
CA-2023-10732,2023-12-23,East,Consumer,Office Supplies,Appliances,272.83,-27.28,0.4,2
CA-2023-10733,2023-12-23,West,Consumer,Furniture,Furnishings,265.66,53.13,0.0,3
CA-2023-10734,2023-12-24,Central,Consumer,Furniture,Tables,2019.46,201.95,0.0,4
CA-2023-10735,2023-12-24,East,Consumer,Office Supplies,Binders,103.06,5.15,0.2,4
CA-2023-10736,2023-12-25,East,Consumer,Furniture,Tables,3167.93,-158.4,0.2,8
CA-2023-10737,2023-12-25,West,Corporate,Office Supplies,Binders,21.33,1.07,0.2,1
CA-2023-10738,2023-12-26,South,Consumer,Furniture,Bookcases,1476.85,147.68,0.0,4
CA-2023-10739,2023-12-26,West,Home Office,Furniture,Bookcases,979.7,-122.46,0.3,4
CA-2023-10740,2023-12-27,Central,Home Office,Furniture,Furnishings,71.97,9.0,0.1,1
CA-2023-10741,2023-12-27,East,Consumer,Technology,Copiers,2322.27,476.07,0.1,3
CA-2023-10742,2023-12-28,West,Corporate,Office Supplies,Storage,182.48,-59.3,0.7,5
CA-2023-10743,2023-12-28,Central,Home Office,Furniture,Chairs,1039.79,51.99,0.2,6
CA-2023-10744,2023-12-29,East,Home Office,Technology,Accessories,769.76,215.53,0.0,9
CA-2023-10745,2023-12-29,South,Corporate,Office Supplies,Storage,993.03,-24.83,0.3,9
CA-2023-10746,2023-12-30,South,Consumer,Furniture,Tables,4822.98,482.3,0.0,9
CA-2023-10747,2023-12-30,South,Corporate,Furniture,Furnishings,85.89,17.18,0.0,1
CA-2023-10748,2023-12-31,West,Corporate,Office Supplies,Art,172.18,21.52,0.1,9
CA-2023-10749,2023-12-31,Central,Corporate,Furniture,Furnishings,194.1,-63.08,0.7,8
CA-2023-10750,2024-01-01,East,Consumer,Technology,Laptops,2195.13,439.03,0.0,2
CA-2023-10751,2024-01-01,South,Home Office,Office Supplies,Binders,21.54,1.08,0.2,1
CA-2023-10752,2024-01-02,Central,Home Office,Furniture,Tables,519.42,51.94,0.0,1
CA-2023-10753,2024-01-02,South,Consumer,Technology,Phones,2930.4,380.95,0.2,6
CA-2023-10754,2024-01-03,East,Consumer,Technology,Accessories,753.29,154.42,0.1,9
CA-2023-10755,2024-01-03,East,Consumer,Office Supplies,Appliances,1372.17,68.61,0.2,7
CA-2023-10756,2024-01-04,West,Home Office,Furniture,Furnishings,486.31,97.26,0.0,5
CA-2023-10757,2024-01-04,Central,Corporate,Furniture,Bookcases,425.3,-21.27,0.2,2
CA-2023-10758,2024-01-05,East,Corporate,Office Supplies,Art,6.95,-2.26,0.7,1
CA-2023-10759,2024-01-05,East,Consumer,Office Supplies,Appliances,386.05,19.3,0.2,2
CA-2023-10760,2024-01-06,Central,Corporate,Technology,Laptops,1176.61,147.08,0.1,1
CA-2023-10761,2024-01-06,East,Consumer,Technology,Accessories,130.55,-12.4,0.5,3
CA-2023-10762,2024-01-07,West,Consumer,Technology,Phones,3370.67,943.79,0.0,6
CA-2023-10763,2024-01-07,East,Corporate,Office Supplies,Paper,186.87,24.29,0.2,8
CA-2023-10764,2024-01-08,East,Home Office,Technology,Laptops,1933.51,-193.35,0.4,3
CA-2023-10765,2024-01-08,East,Home Office,Furniture,Bookcases,2871.2,287.12,0.0,9
CA-2023-10766,2024-01-09,West,Home Office,Office Supplies,Appliances,881.6,110.2,0.1,5
CA-2023-10767,2024-01-09,West,Consumer,Office Supplies,Paper,209.83,58.75,0.0,7
CA-2023-10768,2024-01-10,West,Consumer,Technology,Accessories,682.38,139.89,0.1,8
CA-2023-10769,2024-01-10,Central,Corporate,Office Supplies,Appliances,619.44,30.97,0.2,3
CA-2023-10770,2024-01-10,West,Home Office,Technology,Accessories,179.5,50.26,0.0,2
CA-2023-10771,2024-01-11,East,Consumer,Office Supplies,Storage,226.81,28.35,0.1,2
CA-2023-10772,2024-01-11,South,Consumer,Technology,Phones,2166.5,606.62,0.0,5
CA-2023-10773,2024-01-12,West,Consumer,Furniture,Furnishings,77.01,15.4,0.0,1
CA-2023-10774,2024-01-12,East,Corporate,Office Supplies,Art,37.91,7.58,0.0,2
CA-2023-10775,2024-01-13,Central,Consumer,Technology,Phones,2900.18,-58.0,0.4,9
CA-2023-10776,2024-01-13,South,Consumer,Technology,Phones,3005.43,841.52,0.0,7
CA-2023-10777,2024-01-14,Central,Consumer,Office Supplies,Appliances,838.12,-83.81,0.4,6
CA-2023-10778,2024-01-14,Central,Consumer,Office Supplies,Appliances,1793.95,224.24,0.1,9
CA-2023-10779,2024-01-15,South,Home Office,Furniture,Furnishings,605.28,121.06,0.0,7
CA-2023-10780,2024-01-15,East,Consumer,Office Supplies,Storage,633.34,31.67,0.2,5
CA-2023-10781,2024-01-16,Central,Corporate,Furniture,Bookcases,2681.84,67.05,0.1,9
CA-2023-10782,2024-01-16,West,Corporate,Technology,Laptops,8060.2,1007.52,0.1,6
CA-2023-10783,2024-01-17,South,Home Office,Technology,Accessories,488.87,136.88,0.0,6
CA-2023-10784,2024-01-17,East,Consumer,Technology,Laptops,4905.1,981.02,0.0,4
CA-2023-10785,2024-01-18,East,Home Office,Office Supplies,Appliances,224.39,44.88,0.0,1
CA-2023-10786,2024-01-18,West,Corporate,Furniture,Bookcases,1525.23,152.52,0.0,5
CA-2023-10787,2024-01-19,Central,Home Office,Furniture,Bookcases,3011.9,301.19,0.0,9
CA-2023-10788,2024-01-19,West,Home Office,Furniture,Chairs,2091.86,418.37,0.0,8
CA-2023-10789,2024-01-20,South,Consumer,Office Supplies,Binders,253.67,50.73,0.0,8
CA-2023-10790,2024-01-20,South,Consumer,Technology,Copiers,4091.77,1145.7,0.0,5
CA-2023-10791,2024-01-21,West,Consumer,Furniture,Chairs,2805.03,561.01,0.0,9
CA-2023-10792,2024-01-21,Central,Corporate,Furniture,Chairs,915.77,183.15,0.0,3
CA-2023-10793,2024-01-22,Central,Consumer,Furniture,Furnishings,70.06,-22.77,0.7,3
CA-2023-10794,2024-01-22,Central,Consumer,Technology,Phones,447.32,125.25,0.0,1
CA-2023-10795,2024-01-23,East,Consumer,Office Supplies,Binders,256.16,12.81,0.2,9
CA-2023-10796,2024-01-23,West,Consumer,Office Supplies,Binders,224.8,44.96,0.0,6
CA-2023-10797,2024-01-24,West,Consumer,Furniture,Bookcases,290.11,-79.78,0.5,2
CA-2023-10798,2024-01-24,West,Consumer,Office Supplies,Art,158.9,31.78,0.0,8
CA-2023-10799,2024-01-25,South,Consumer,Office Supplies,Storage,463.67,-150.69,0.7,9
CA-2023-10800,2024-01-25,West,Consumer,Office Supplies,Paper,204.2,26.55,0.2,9
CA-2023-10801,2024-01-26,South,Consumer,Technology,Laptops,2323.81,464.76,0.0,2
CA-2023-10802,2024-01-26,East,Consumer,Furniture,Tables,584.51,-116.9,0.4,2
CA-2023-10803,2024-01-27,East,Home Office,Furniture,Tables,3480.51,87.01,0.1,7
CA-2023-10804,2024-01-27,Central,Corporate,Furniture,Chairs,1174.73,234.95,0.0,4
CA-2023-10805,2024-01-28,South,Consumer,Office Supplies,Paper,20.07,1.1,0.3,1
CA-2023-10806,2024-01-28,East,Consumer,Office Supplies,Storage,641.09,-112.19,0.5,8
CA-2023-10807,2024-01-29,East,Home Office,Office Supplies,Art,33.16,4.15,0.1,2
CA-2023-10808,2024-01-29,East,Home Office,Furniture,Bookcases,1061.89,106.19,0.0,3
CA-2023-10809,2024-01-29,West,Home Office,Technology,Phones,1680.78,92.44,0.3,5
CA-2023-10810,2024-01-30,West,Corporate,Office Supplies,Storage,410.64,20.53,0.2,3
CA-2023-10811,2024-01-30,East,Consumer,Office Supplies,Binders,125.48,-12.55,0.4,7
CA-2023-10812,2024-01-31,East,Consumer,Technology,Accessories,601.3,78.17,0.2,7
CA-2023-10813,2024-01-31,Central,Consumer,Office Supplies,Binders,57.39,11.48,0.0,2
CA-2023-10814,2024-02-01,East,Home Office,Office Supplies,Storage,517.35,-90.54,0.5,7
CA-2023-10815,2024-02-01,East,Corporate,Furniture,Chairs,1339.13,267.83,0.0,6
CA-2023-10816,2024-02-02,East,Corporate,Furniture,Chairs,2506.61,501.32,0.0,9
CA-2023-10817,2024-02-02,Central,Consumer,Furniture,Furnishings,767.51,95.94,0.1,9
CA-2023-10818,2024-02-03,South,Home Office,Technology,Phones,1023.64,209.85,0.1,2
CA-2023-10819,2024-02-03,East,Consumer,Technology,Copiers,5932.1,1660.99,0.0,7
CA-2023-10820,2024-02-04,Central,Consumer,Office Supplies,Paper,75.95,4.18,0.3,5
CA-2023-10821,2024-02-04,West,Consumer,Technology,Phones,3670.13,1027.64,0.0,6
CA-2023-10822,2024-02-05,East,Corporate,Technology,Laptops,1222.77,152.85,0.1,1
CA-2023-10823,2024-02-05,East,Consumer,Furniture,Furnishings,450.15,-11.25,0.3,7
CA-2023-10824,2024-02-06,East,Home Office,Furniture,Chairs,1751.81,350.36,0.0,6
CA-2023-10825,2024-02-06,Central,Consumer,Office Supplies,Appliances,1011.21,202.24,0.0,4
CA-2023-10826,2024-02-07,South,Corporate,Technology,Laptops,1231.74,246.35,0.0,1
CA-2023-10827,2024-02-07,West,Corporate,Technology,Laptops,3704.77,-1204.05,0.7,9
CA-2023-10828,2024-02-08,Central,Consumer,Office Supplies,Appliances,968.01,193.6,0.0,4
CA-2023-10829,2024-02-08,East,Home Office,Furniture,Tables,1072.45,107.24,0.0,2
CA-2023-10830,2024-02-09,West,Corporate,Technology,Accessories,758.8,155.55,0.1,8
CA-2023-10831,2024-02-09,West,Corporate,Furniture,Bookcases,467.94,11.7,0.1,2
CA-2023-10832,2024-02-10,West,Home Office,Technology,Laptops,6009.33,1201.87,0.0,5
CA-2023-10833,2024-02-10,West,Corporate,Technology,Accessories,419.85,86.07,0.1,6
CA-2023-10834,2024-02-11,West,Consumer,Furniture,Chairs,1781.66,356.33,0.0,8
CA-2023-10835,2024-02-11,West,Corporate,Furniture,Furnishings,26.17,-8.51,0.7,1
CA-2023-10836,2024-02-12,East,Consumer,Office Supplies,Paper,29.99,8.4,0.0,1
CA-2023-10837,2024-02-12,Central,Consumer,Furniture,Furnishings,287.34,57.47,0.0,4
CA-2023-10838,2024-02-13,East,Consumer,Furniture,Tables,2086.63,52.17,0.1,5
CA-2023-10839,2024-02-13,South,Corporate,Furniture,Chairs,2732.29,546.46,0.0,9
CA-2023-10840,2024-02-14,East,Corporate,Technology,Laptops,7900.84,395.04,0.2,7
CA-2023-10841,2024-02-14,Central,Consumer,Office Supplies,Appliances,1629.12,325.82,0.0,7
CA-2023-10842,2024-02-15,South,Corporate,Technology,Copiers,7415.22,2076.26,0.0,8
CA-2023-10843,2024-02-15,Central,Home Office,Office Supplies,Appliances,931.99,46.6,0.2,5
CA-2023-10844,2024-02-16,East,Consumer,Technology,Phones,2054.78,421.23,0.1,5
CA-2023-10845,2024-02-16,Central,Consumer,Furniture,Bookcases,242.97,6.07,0.1,1
CA-2023-10846,2024-02-16,West,Corporate,Technology,Copiers,6662.5,1865.5,0.0,9
CA-2023-10847,2024-02-17,East,Consumer,Office Supplies,Paper,148.56,41.6,0.0,6
CA-2023-10848,2024-02-17,East,Corporate,Furniture,Furnishings,879.99,176.0,0.0,9
CA-2023-10849,2024-02-18,East,Consumer,Furniture,Chairs,877.4,175.48,0.0,3
CA-2023-10850,2024-02-18,West,Consumer,Technology,Laptops,5524.85,690.61,0.1,5
CA-2023-10851,2024-02-19,South,Corporate,Office Supplies,Appliances,276.47,-27.65,0.4,2
CA-2023-10852,2024-02-19,Central,Corporate,Technology,Laptops,5737.46,1147.49,0.0,5
CA-2023-10853,2024-02-20,East,Home Office,Office Supplies,Appliances,1991.86,398.37,0.0,8
CA-2023-10854,2024-02-20,South,Home Office,Technology,Accessories,210.8,59.02,0.0,2
CA-2023-10855,2024-02-21,East,Corporate,Technology,Accessories,680.8,190.63,0.0,8
CA-2023-10856,2024-02-21,South,Corporate,Technology,Accessories,312.02,87.37,0.0,4
CA-2023-10857,2024-02-22,East,Consumer,Furniture,Furnishings,43.98,-7.7,0.5,1
CA-2023-10858,2024-02-22,West,Corporate,Furniture,Tables,1935.01,-96.75,0.2,5
CA-2023-10859,2024-02-23,Central,Consumer,Technology,Copiers,242.6,-59.44,0.7,1
CA-2023-10860,2024-02-23,Central,Home Office,Office Supplies,Binders,139.55,-13.96,0.4,7
CA-2023-10861,2024-02-24,Central,Consumer,Furniture,Furnishings,616.46,77.06,0.1,8
CA-2023-10862,2024-02-24,South,Corporate,Furniture,Furnishings,205.25,25.66,0.1,3
CA-2023-10863,2024-02-25,Central,Consumer,Furniture,Tables,1362.27,136.23,0.0,3
CA-2023-10864,2024-02-25,Central,Corporate,Furniture,Bookcases,1930.15,48.25,0.1,7
CA-2023-10865,2024-02-26,South,Home Office,Furniture,Tables,1081.89,-297.52,0.5,4
CA-2023-10866,2024-02-26,Central,Consumer,Technology,Phones,1851.54,518.43,0.0,3
CA-2023-10867,2024-02-27,East,Home Office,Technology,Phones,2897.28,-57.95,0.4,8
CA-2023-10868,2024-02-27,South,Consumer,Office Supplies,Appliances,750.86,150.17,0.0,3
CA-2023-10869,2024-02-28,West,Corporate,Office Supplies,Paper,113.82,-2.28,0.4,7
CA-2023-10870,2024-02-28,Central,Home Office,Furniture,Chairs,281.43,-49.25,0.5,2
CA-2023-10871,2024-02-29,South,Consumer,Technology,Copiers,784.41,101.97,0.2,1
CA-2023-10872,2024-02-29,Central,Home Office,Furniture,Furnishings,364.8,18.24,0.2,6
CA-2023-10873,2024-03-01,Central,Consumer,Furniture,Bookcases,2298.34,57.46,0.1,8
CA-2023-10874,2024-03-01,Central,Consumer,Technology,Copiers,630.47,34.68,0.3,1
CA-2023-10875,2024-03-02,East,Home Office,Technology,Laptops,3634.3,-1181.15,0.7,9
CA-2023-10876,2024-03-02,South,Consumer,Office Supplies,Binders,59.91,-1.5,0.3,3
CA-2023-10877,2024-03-03,West,Home Office,Office Supplies,Storage,364.46,18.22,0.2,3
CA-2023-10878,2024-03-03,West,Home Office,Technology,Phones,1869.38,243.02,0.2,4
CA-2023-10879,2024-03-04,West,Consumer,Technology,Phones,364.01,20.02,0.3,1
CA-2023-10880,2024-03-04,East,Corporate,Technology,Copiers,7564.23,1550.67,0.1,9
CA-2023-10881,2024-03-05,East,Consumer,Office Supplies,Binders,62.62,-1.57,0.3,3
CA-2023-10882,2024-03-05,South,Consumer,Technology,Phones,2205.91,452.21,0.1,4
CA-2023-10883,2024-03-06,East,Consumer,Technology,Accessories,95.72,26.8,0.0,1
CA-2023-10884,2024-03-06,East,Consumer,Office Supplies,Binders,130.61,26.12,0.0,4
CA-2023-10885,2024-03-06,West,Consumer,Technology,Copiers,621.03,127.31,0.1,1
CA-2023-10886,2024-03-07,East,Consumer,Office Supplies,Storage,642.68,128.54,0.0,5
CA-2023-10887,2024-03-07,Central,Home Office,Technology,Copiers,4412.69,1235.55,0.0,5
CA-2023-10888,2024-03-08,West,Home Office,Technology,Copiers,5130.46,1051.74,0.1,7
CA-2023-10889,2024-03-08,West,Corporate,Technology,Accessories,758.35,212.34,0.0,8
CA-2023-10890,2024-03-09,West,Corporate,Office Supplies,Art,70.02,14.0,0.0,4
CA-2023-10891,2024-03-09,West,Home Office,Office Supplies,Binders,198.85,9.94,0.2,7
CA-2023-10892,2024-03-10,East,Consumer,Office Supplies,Binders,41.9,-13.62,0.7,4
CA-2023-10893,2024-03-10,West,Corporate,Furniture,Furnishings,177.44,8.87,0.2,3
CA-2023-10894,2024-03-11,Central,Home Office,Office Supplies,Paper,49.67,-12.17,0.7,6
CA-2023-10895,2024-03-11,South,Consumer,Technology,Phones,1883.72,244.88,0.2,4
CA-2023-10896,2024-03-12,East,Corporate,Technology,Laptops,3982.83,796.57,0.0,3
CA-2023-10897,2024-03-12,South,Home Office,Office Supplies,Art,140.28,7.01,0.2,9
CA-2023-10898,2024-03-13,East,Home Office,Technology,Laptops,5339.73,266.99,0.2,5
CA-2023-10899,2024-03-13,East,Corporate,Technology,Phones,3269.65,915.5,0.0,7
CA-2023-10900,2024-03-14,South,Consumer,Technology,Accessories,527.74,147.77,0.0,6
CA-2023-10901,2024-03-14,West,Consumer,Technology,Accessories,340.57,44.27,0.2,5
CA-2023-10902,2024-03-15,South,Consumer,Technology,Laptops,9011.27,1802.25,0.0,7
CA-2023-10903,2024-03-15,West,Corporate,Furniture,Chairs,1071.95,53.6,0.2,6
CA-2023-10904,2024-03-16,East,Consumer,Furniture,Furnishings,195.73,39.15,0.0,2
CA-2023-10905,2024-03-16,West,Home Office,Office Supplies,Paper,66.38,13.61,0.1,3
CA-2023-10906,2024-03-17,Central,Consumer,Office Supplies,Storage,236.27,29.53,0.1,2
CA-2023-10907,2024-03-17,Central,Consumer,Technology,Accessories,283.13,79.28,0.0,3
CA-2023-10908,2024-03-18,Central,Consumer,Technology,Phones,480.4,134.51,0.0,1
CA-2023-10909,2024-03-18,East,Corporate,Furniture,Chairs,1702.34,85.12,0.2,8
CA-2023-10910,2024-03-19,East,Consumer,Furniture,Furnishings,332.44,-8.31,0.3,6
CA-2023-10911,2024-03-19,West,Consumer,Technology,Copiers,866.71,-17.33,0.4,2
CA-2023-10912,2024-03-20,East,Consumer,Furniture,Chairs,1721.44,215.18,0.1,8
CA-2023-10913,2024-03-20,South,Consumer,Furniture,Chairs,1230.45,61.52,0.2,6
CA-2023-10914,2024-03-21,East,Consumer,Furniture,Chairs,1508.71,301.74,0.0,7
CA-2023-10915,2024-03-21,South,Home Office,Furniture,Chairs,289.56,57.91,0.0,1
CA-2023-10916,2024-03-22,South,Corporate,Technology,Laptops,9229.33,1845.87,0.0,7
CA-2023-10917,2024-03-22,East,Consumer,Office Supplies,Art,58.89,7.36,0.1,3
CA-2023-10918,2024-03-23,Central,Home Office,Office Supplies,Appliances,1880.42,376.08,0.0,8
CA-2023-10919,2024-03-23,West,Home Office,Technology,Accessories,586.51,164.22,0.0,6
CA-2023-10920,2024-03-24,West,Corporate,Office Supplies,Binders,117.49,5.87,0.2,4
CA-2023-10921,2024-03-24,West,Corporate,Furniture,Chairs,1365.48,68.27,0.2,8
CA-2023-10922,2024-03-25,East,Home Office,Office Supplies,Paper,195.55,54.75,0.0,9
CA-2023-10923,2024-03-25,East,Home Office,Office Supplies,Paper,46.33,12.97,0.0,2
CA-2023-10924,2024-03-25,East,Corporate,Furniture,Furnishings,396.11,49.51,0.1,6
CA-2023-10925,2024-03-26,East,Consumer,Technology,Phones,2075.58,425.49,0.1,5
CA-2023-10926,2024-03-26,East,Corporate,Technology,Phones,2237.56,290.88,0.2,5
CA-2023-10927,2024-03-27,Central,Corporate,Furniture,Tables,1395.62,139.56,0.0,3
CA-2023-10928,2024-03-27,Central,Consumer,Furniture,Furnishings,638.32,31.92,0.2,8
CA-2023-10929,2024-03-28,West,Consumer,Technology,Laptops,5418.75,-541.87,0.4,8
CA-2023-10930,2024-03-28,West,Home Office,Technology,Accessories,438.45,122.77,0.0,5
CA-2023-10931,2024-03-29,Central,Corporate,Office Supplies,Paper,74.62,-18.28,0.7,8
CA-2023-10932,2024-03-29,East,Consumer,Office Supplies,Paper,236.54,66.23,0.0,8
CA-2023-10933,2024-03-30,Central,Corporate,Furniture,Chairs,778.44,155.69,0.0,3
CA-2023-10934,2024-03-30,East,Consumer,Technology,Laptops,2315.17,289.4,0.1,2
CA-2023-10935,2024-03-31,East,Consumer,Technology,Laptops,12822.53,2564.51,0.0,9
CA-2023-10936,2024-03-31,West,Corporate,Technology,Laptops,2501.74,500.35,0.0,2
CA-2023-10937,2024-04-01,West,Consumer,Office Supplies,Binders,226.58,28.32,0.1,9
CA-2023-10938,2024-04-01,Central,Consumer,Technology,Phones,1653.93,90.97,0.3,4
CA-2023-10939,2024-04-02,East,Home Office,Furniture,Tables,479.3,-131.81,0.5,2
CA-2023-10940,2024-04-02,Central,Consumer,Technology,Phones,364.49,47.38,0.2,1
CA-2023-10941,2024-04-03,South,Consumer,Furniture,Chairs,1052.23,210.45,0.0,4
CA-2023-10942,2024-04-03,East,Home Office,Office Supplies,Binders,219.3,10.97,0.2,9
CA-2023-10943,2024-04-04,Central,Corporate,Office Supplies,Paper,216.13,28.1,0.2,9
CA-2023-10944,2024-04-04,West,Corporate,Technology,Laptops,3025.42,-75.64,0.3,4
CA-2023-10945,2024-04-05,East,Home Office,Technology,Laptops,9072.63,-226.82,0.3,9
CA-2023-10946,2024-04-05,Central,Consumer,Technology,Laptops,4557.1,-455.71,0.4,6
CA-2023-10947,2024-04-06,East,Corporate,Office Supplies,Storage,127.48,15.93,0.1,1
CA-2023-10948,2024-04-06,East,Corporate,Office Supplies,Art,87.82,4.39,0.2,6
CA-2023-10949,2024-04-07,West,Home Office,Furniture,Bookcases,3051.88,305.19,0.0,9
CA-2023-10950,2024-04-07,East,Corporate,Furniture,Tables,329.6,-140.08,0.7,2
CA-2023-10951,2024-04-08,South,Corporate,Office Supplies,Appliances,1320.2,264.04,0.0,6
CA-2023-10952,2024-04-08,South,Consumer,Technology,Copiers,1514.61,424.09,0.0,2
CA-2023-10953,2024-04-09,Central,Consumer,Office Supplies,Appliances,943.31,188.66,0.0,4
CA-2023-10954,2024-04-09,Central,Corporate,Furniture,Bookcases,1963.04,-245.38,0.3,8
CA-2023-10955,2024-04-10,East,Corporate,Furniture,Tables,2414.02,60.35,0.1,7
CA-2023-10956,2024-04-10,East,Corporate,Furniture,Bookcases,2679.2,66.98,0.1,9
CA-2023-10957,2024-04-11,West,Consumer,Technology,Copiers,1828.86,-448.07,0.7,7
CA-2023-10958,2024-04-11,East,Corporate,Technology,Accessories,43.98,-4.18,0.5,1
CA-2023-10959,2024-04-12,East,Corporate,Office Supplies,Paper,51.53,14.43,0.0,2
CA-2023-10960,2024-04-12,South,Home Office,Technology,Copiers,4554.17,1275.17,0.0,6
CA-2023-10961,2024-04-12,East,Corporate,Furniture,Furnishings,457.05,-11.43,0.3,7
CA-2023-10962,2024-04-13,East,Home Office,Technology,Accessories,149.01,-14.16,0.5,3
CA-2023-10963,2024-04-13,East,Home Office,Furniture,Chairs,2152.75,269.09,0.1,9
CA-2023-10964,2024-04-14,Central,Corporate,Technology,Copiers,4511.41,586.48,0.2,7
CA-2023-10965,2024-04-14,Central,Corporate,Furniture,Tables,2609.7,260.97,0.0,6
CA-2023-10966,2024-04-15,West,Home Office,Office Supplies,Appliances,1089.48,-27.24,0.3,6
CA-2023-10967,2024-04-15,East,Corporate,Technology,Laptops,989.34,49.47,0.2,1
CA-2023-10968,2024-04-16,South,Home Office,Furniture,Furnishings,378.21,47.28,0.1,5
CA-2023-10969,2024-04-16,East,Corporate,Furniture,Tables,1428.75,142.87,0.0,3
CA-2023-10970,2024-04-17,West,Corporate,Office Supplies,Art,72.05,-12.61,0.5,7
CA-2023-10971,2024-04-17,Central,Consumer,Office Supplies,Appliances,502.89,25.14,0.2,3
CA-2023-10972,2024-04-18,South,Consumer,Office Supplies,Appliances,987.95,197.59,0.0,5
CA-2023-10973,2024-04-18,West,Home Office,Technology,Laptops,5976.87,298.84,0.2,7
CA-2023-10974,2024-04-19,Central,Corporate,Technology,Accessories,249.04,32.38,0.2,3
CA-2023-10975,2024-04-19,South,Corporate,Technology,Phones,845.47,173.32,0.1,2
CA-2023-10976,2024-04-20,East,Home Office,Furniture,Chairs,1046.72,52.34,0.2,6
CA-2023-10977,2024-04-20,South,Corporate,Technology,Copiers,6733.48,1380.36,0.1,8
CA-2023-10978,2024-04-21,Central,Corporate,Furniture,Tables,820.46,-225.63,0.5,4
CA-2023-10979,2024-04-21,Central,Corporate,Furniture,Furnishings,792.04,158.41,0.0,9
CA-2023-10980,2024-04-22,Central,Corporate,Technology,Laptops,9460.39,1892.08,0.0,8
CA-2023-10981,2024-04-22,West,Consumer,Office Supplies,Paper,157.6,44.13,0.0,7
CA-2023-10982,2024-04-23,West,Consumer,Technology,Accessories,511.96,66.55,0.2,7
CA-2023-10983,2024-04-23,East,Consumer,Technology,Laptops,2465.06,123.25,0.2,3
CA-2023-10984,2024-04-24,West,Consumer,Office Supplies,Paper,106.78,-2.14,0.4,6
CA-2023-10985,2024-04-24,East,Corporate,Furniture,Furnishings,337.73,16.89,0.2,5
CA-2023-10986,2024-04-25,South,Consumer,Office Supplies,Storage,114.11,14.26,0.1,1
CA-2023-10987,2024-04-25,South,Consumer,Furniture,Furnishings,68.03,-22.11,0.7,3
CA-2023-10988,2024-04-26,Central,Consumer,Technology,Copiers,823.35,230.54,0.0,1
CA-2023-10989,2024-04-26,South,Consumer,Office Supplies,Paper,64.79,3.56,0.3,4
CA-2023-10990,2024-04-27,Central,Corporate,Office Supplies,Binders,77.55,9.69,0.1,3
CA-2023-10991,2024-04-27,East,Home Office,Office Supplies,Appliances,748.88,37.44,0.2,4
CA-2023-10992,2024-04-28,West,Corporate,Technology,Accessories,766.61,99.66,0.2,9
CA-2023-10993,2024-04-28,East,Consumer,Furniture,Tables,1091.59,-54.58,0.2,3
CA-2023-10994,2024-04-29,Central,Consumer,Furniture,Bookcases,2046.22,204.62,0.0,6
CA-2023-10995,2024-04-29,East,Consumer,Technology,Copiers,5186.91,1063.32,0.1,6
CA-2023-10996,2024-04-30,Central,Corporate,Office Supplies,Paper,147.5,30.24,0.1,7
CA-2023-10997,2024-04-30,West,Consumer,Technology,Accessories,665.02,36.58,0.3,9
CA-2023-10998,2024-05-01,Central,Corporate,Office Supplies,Binders,217.91,27.24,0.1,7
CA-2023-10999,2024-05-01,Central,Consumer,Furniture,Bookcases,148.92,-40.95,0.5,1
CA-2023-11000,2024-05-01,Central,Home Office,Technology,Accessories,807.28,165.49,0.1,8
CA-2023-11001,2024-05-02,South,Consumer,Furniture,Chairs,1074.41,134.3,0.1,5
CA-2023-11002,2024-05-02,South,Consumer,Office Supplies,Storage,839.59,-20.99,0.3,9
CA-2023-11003,2024-05-03,South,Home Office,Office Supplies,Storage,730.11,91.26,0.1,5
CA-2023-11004,2024-05-03,South,Consumer,Office Supplies,Appliances,337.87,-109.81,0.7,5
CA-2023-11005,2024-05-04,Central,Consumer,Office Supplies,Binders,47.15,2.36,0.2,2
CA-2023-11006,2024-05-04,Central,Corporate,Office Supplies,Appliances,547.35,68.42,0.1,3
CA-2023-11007,2024-05-05,West,Corporate,Office Supplies,Appliances,2289.14,457.83,0.0,9
CA-2023-11008,2024-05-05,East,Corporate,Technology,Phones,3668.27,751.99,0.1,7
CA-2023-11009,2024-05-06,East,Consumer,Furniture,Furnishings,86.13,17.23,0.0,1
CA-2023-11010,2024-05-06,West,Consumer,Technology,Phones,1479.51,192.34,0.2,3
CA-2023-11011,2024-05-07,West,Consumer,Office Supplies,Art,39.09,7.82,0.0,2
CA-2023-11012,2024-05-07,South,Consumer,Office Supplies,Paper,23.45,6.56,0.0,1
CA-2023-11013,2024-05-08,South,Home Office,Technology,Accessories,908.0,254.24,0.0,9
CA-2023-11014,2024-05-08,South,Corporate,Office Supplies,Binders,276.81,55.36,0.0,8
CA-2023-11015,2024-05-09,East,Consumer,Office Supplies,Binders,140.99,28.2,0.0,5
CA-2023-11016,2024-05-09,West,Corporate,Technology,Copiers,845.42,-16.91,0.4,2
CA-2023-11017,2024-05-10,West,Consumer,Furniture,Furnishings,65.76,-1.64,0.3,1
CA-2023-11018,2024-05-10,West,Home Office,Office Supplies,Appliances,1528.42,76.42,0.2,7
CA-2023-11019,2024-05-11,West,Consumer,Technology,Laptops,1861.22,-46.53,0.3,2
CA-2023-11020,2024-05-11,West,Consumer,Office Supplies,Storage,134.56,26.91,0.0,1
CA-2023-11021,2024-05-12,South,Corporate,Technology,Phones,749.2,-14.98,0.4,2
CA-2023-11022,2024-05-12,Central,Corporate,Office Supplies,Storage,1183.16,236.63,0.0,7
CA-2023-11023,2024-05-13,West,Corporate,Office Supplies,Storage,1034.25,206.85,0.0,7
CA-2023-11024,2024-05-13,West,Consumer,Office Supplies,Binders,191.18,23.9,0.1,6
CA-2023-11025,2024-05-14,East,Consumer,Furniture,Bookcases,1764.49,176.45,0.0,5
CA-2023-11026,2024-05-14,West,Consumer,Office Supplies,Paper,73.44,9.55,0.2,3
CA-2023-11027,2024-05-15,South,Consumer,Office Supplies,Appliances,783.0,156.6,0.0,3
CA-2023-11028,2024-05-15,East,Home Office,Technology,Phones,3488.54,191.87,0.3,9
CA-2023-11029,2024-05-16,East,Consumer,Office Supplies,Art,78.75,9.84,0.1,4
CA-2023-11030,2024-05-16,East,Consumer,Technology,Copiers,7465.99,2090.48,0.0,9
CA-2023-11031,2024-05-17,West,Corporate,Furniture,Furnishings,281.75,14.09,0.2,4
CA-2023-11032,2024-05-17,Central,Consumer,Technology,Copiers,1868.94,523.3,0.0,2
CA-2023-11033,2024-05-18,Central,Corporate,Technology,Accessories,400.99,82.2,0.1,4
CA-2023-11034,2024-05-18,Central,Home Office,Technology,Phones,3110.74,871.01,0.0,6
CA-2023-11035,2024-05-19,West,Consumer,Office Supplies,Appliances,1139.91,57.0,0.2,6
CA-2023-11036,2024-05-19,East,Home Office,Technology,Laptops,4934.03,246.7,0.2,5
CA-2023-11037,2024-05-20,East,Corporate,Office Supplies,Storage,156.44,31.29,0.0,1
CA-2023-11038,2024-05-20,South,Consumer,Technology,Copiers,793.42,-194.39,0.7,3
CA-2023-11039,2024-05-20,East,Consumer,Technology,Phones,1285.7,-25.71,0.4,5
CA-2023-11040,2024-05-21,East,Consumer,Furniture,Furnishings,409.52,20.48,0.2,6
CA-2023-11041,2024-05-21,Central,Corporate,Office Supplies,Storage,99.16,4.96,0.2,1
CA-2023-11042,2024-05-22,Central,Corporate,Technology,Laptops,9293.98,1858.8,0.0,9
CA-2023-11043,2024-05-22,East,Home Office,Furniture,Bookcases,839.86,-41.99,0.2,3
CA-2023-11044,2024-05-23,East,Home Office,Office Supplies,Paper,71.51,20.02,0.0,3
CA-2023-11045,2024-05-23,East,Corporate,Furniture,Bookcases,591.76,59.18,0.0,2
CA-2023-11046,2024-05-24,South,Corporate,Technology,Phones,1050.76,-257.44,0.7,8
CA-2023-11047,2024-05-24,East,Consumer,Technology,Accessories,199.11,25.88,0.2,3
CA-2023-11048,2024-05-25,South,Corporate,Office Supplies,Art,124.87,15.61,0.1,6
CA-2023-11049,2024-05-25,East,Consumer,Technology,Phones,1047.41,293.28,0.0,2
CA-2023-11050,2024-05-26,South,Corporate,Office Supplies,Art,134.65,6.73,0.2,7
CA-2023-11051,2024-05-26,South,Consumer,Furniture,Tables,1816.01,181.6,0.0,4
CA-2023-11052,2024-05-27,East,Consumer,Office Supplies,Appliances,1895.81,379.16,0.0,9
CA-2023-11053,2024-05-27,South,Consumer,Office Supplies,Appliances,1958.3,391.66,0.0,9
CA-2023-11054,2024-05-28,West,Consumer,Office Supplies,Binders,214.54,26.82,0.1,7
CA-2023-11055,2024-05-28,South,Corporate,Furniture,Bookcases,2058.24,-102.91,0.2,8
CA-2023-11056,2024-05-29,Central,Consumer,Office Supplies,Storage,508.9,101.78,0.0,3
CA-2023-11057,2024-05-29,West,Corporate,Furniture,Bookcases,1309.04,-65.45,0.2,5
CA-2023-11058,2024-05-30,Central,Consumer,Furniture,Furnishings,167.55,33.51,0.0,2
CA-2023-11059,2024-05-30,South,Corporate,Furniture,Bookcases,1956.03,-97.8,0.2,7
CA-2023-11060,2024-05-31,West,Consumer,Office Supplies,Art,58.99,-19.17,0.7,8
CA-2023-11061,2024-05-31,East,Consumer,Office Supplies,Paper,178.62,23.22,0.2,9
CA-2023-11062,2024-06-01,Central,Corporate,Office Supplies,Storage,558.57,-55.86,0.4,7
CA-2023-11063,2024-06-01,Central,Consumer,Furniture,Chairs,1096.49,-191.89,0.5,8
CA-2023-11064,2024-06-02,East,Consumer,Furniture,Furnishings,680.11,85.01,0.1,9
CA-2023-11065,2024-06-02,West,Consumer,Office Supplies,Paper,149.48,19.43,0.2,6
CA-2023-11066,2024-06-03,West,Consumer,Technology,Copiers,993.55,-19.87,0.4,2
CA-2023-11067,2024-06-03,East,Corporate,Technology,Laptops,2111.36,422.27,0.0,2
CA-2023-11068,2024-06-04,East,Consumer,Furniture,Tables,2233.71,223.37,0.0,4
CA-2023-11069,2024-06-04,South,Corporate,Technology,Laptops,6412.15,-1122.13,0.5,9
CA-2023-11070,2024-06-05,West,Home Office,Technology,Laptops,6191.14,309.56,0.2,7
CA-2023-11071,2024-06-05,Central,Consumer,Technology,Phones,1211.84,339.32,0.0,2
CA-2023-11072,2024-06-06,West,Home Office,Technology,Accessories,639.1,131.02,0.1,8
CA-2023-11073,2024-06-06,West,Corporate,Technology,Phones,2452.07,134.86,0.3,7
CA-2023-11074,2024-06-07,East,Corporate,Office Supplies,Appliances,2160.78,270.1,0.1,9
CA-2023-11075,2024-06-07,East,Corporate,Furniture,Chairs,1699.27,84.96,0.2,8
CA-2023-11076,2024-06-08,Central,Corporate,Furniture,Chairs,475.18,-11.88,0.3,3
CA-2023-11077,2024-06-08,South,Corporate,Office Supplies,Appliances,175.58,8.78,0.2,1
CA-2023-11078,2024-06-08,Central,Consumer,Technology,Laptops,2459.89,307.49,0.1,2
CA-2023-11079,2024-06-09,South,Consumer,Office Supplies,Binders,44.14,2.21,0.2,2
CA-2023-11080,2024-06-09,South,Consumer,Office Supplies,Storage,486.57,24.33,0.2,4
CA-2023-11081,2024-06-10,East,Consumer,Technology,Copiers,4331.94,563.15,0.2,6
CA-2023-11082,2024-06-10,South,Consumer,Furniture,Furnishings,316.01,63.2,0.0,4
CA-2023-11083,2024-06-11,Central,Consumer,Office Supplies,Paper,228.33,46.81,0.1,9
CA-2023-11084,2024-06-11,West,Consumer,Office Supplies,Storage,202.22,-65.72,0.7,4
CA-2023-11085,2024-06-12,Central,Corporate,Furniture,Tables,2804.89,280.49,0.0,6
CA-2023-11086,2024-06-12,West,Home Office,Furniture,Bookcases,1805.69,180.57,0.0,6
CA-2023-11087,2024-06-13,East,Home Office,Technology,Copiers,684.33,140.29,0.1,1
CA-2023-11088,2024-06-13,Central,Consumer,Office Supplies,Appliances,1344.95,-33.62,0.3,8
CA-2023-11089,2024-06-14,West,Corporate,Technology,Phones,1802.91,504.82,0.0,3
CA-2023-11090,2024-06-14,West,Home Office,Office Supplies,Art,117.58,23.52,0.0,6
CA-2023-11091,2024-06-15,South,Consumer,Furniture,Furnishings,242.04,48.41,0.0,3
CA-2023-11092,2024-06-15,Central,Consumer,Furniture,Tables,729.11,-36.46,0.2,2
CA-2023-11093,2024-06-16,West,Home Office,Furniture,Tables,2417.23,241.72,0.0,5
CA-2023-11094,2024-06-16,Central,Corporate,Technology,Accessories,84.72,23.72,0.0,1
CA-2023-11095,2024-06-17,East,Consumer,Technology,Copiers,7639.17,1566.03,0.1,9
CA-2023-11096,2024-06-17,East,Consumer,Technology,Copiers,3253.29,-65.07,0.4,7
CA-2023-11097,2024-06-18,South,Consumer,Technology,Laptops,3668.15,458.52,0.1,3
CA-2023-11098,2024-06-18,Central,Home Office,Office Supplies,Binders,126.63,25.33,0.0,4
CA-2023-11099,2024-06-19,East,Corporate,Furniture,Furnishings,468.44,58.56,0.1,6
CA-2023-11100,2024-06-19,Central,Consumer,Technology,Phones,414.83,-101.63,0.7,3
CA-2023-11101,2024-06-20,South,Consumer,Office Supplies,Appliances,1409.42,70.47,0.2,7
CA-2023-11102,2024-06-20,West,Corporate,Office Supplies,Binders,49.97,-16.24,0.7,6
CA-2023-11103,2024-06-21,West,Corporate,Office Supplies,Paper,141.02,7.76,0.3,9
CA-2023-11104,2024-06-21,West,Consumer,Office Supplies,Art,106.87,21.37,0.0,5
CA-2023-11105,2024-06-22,Central,Home Office,Technology,Accessories,326.51,42.45,0.2,4
CA-2023-11106,2024-06-22,Central,Consumer,Furniture,Furnishings,208.8,41.76,0.0,3
CA-2023-11107,2024-06-23,Central,Consumer,Office Supplies,Binders,23.7,2.96,0.1,1
CA-2023-11108,2024-06-23,South,Corporate,Office Supplies,Paper,87.83,24.59,0.0,3
CA-2023-11109,2024-06-24,Central,Consumer,Technology,Accessories,316.88,88.73,0.0,3
CA-2023-11110,2024-06-24,West,Home Office,Office Supplies,Binders,99.55,-17.42,0.5,7
CA-2023-11111,2024-06-25,East,Corporate,Technology,Laptops,9207.17,1841.43,0.0,7
CA-2023-11112,2024-06-25,East,Corporate,Technology,Accessories,55.47,-1.11,0.4,1
CA-2023-11113,2024-06-26,East,Consumer,Furniture,Chairs,827.31,165.46,0.0,3
CA-2023-11114,2024-06-26,Central,Consumer,Furniture,Bookcases,2868.36,286.84,0.0,8
CA-2023-11115,2024-06-26,South,Consumer,Furniture,Furnishings,381.0,-38.1,0.4,9
CA-2023-11116,2024-06-27,West,Corporate,Technology,Copiers,5202.15,676.28,0.2,7
CA-2023-11117,2024-06-27,East,Corporate,Office Supplies,Paper,146.61,19.06,0.2,7
CA-2023-11118,2024-06-28,Central,Home Office,Technology,Phones,4302.6,1204.73,0.0,8
CA-2023-11119,2024-06-28,East,Corporate,Technology,Copiers,4801.99,984.41,0.1,6
CA-2023-11120,2024-06-29,West,Home Office,Office Supplies,Storage,409.6,20.48,0.2,3
CA-2023-11121,2024-06-29,East,Corporate,Office Supplies,Storage,97.74,4.89,0.2,1
CA-2023-11122,2024-06-30,West,Consumer,Office Supplies,Storage,760.1,95.01,0.1,7
CA-2023-11123,2024-06-30,South,Consumer,Office Supplies,Paper,6.91,-1.69,0.7,1
CA-2023-11124,2024-07-01,West,Corporate,Office Supplies,Appliances,219.05,10.95,0.2,1
CA-2023-11125,2024-07-01,East,Consumer,Furniture,Chairs,1278.03,-223.66,0.5,9
CA-2023-11126,2024-07-02,East,Consumer,Technology,Copiers,4909.44,638.23,0.2,7
CA-2023-11127,2024-07-02,South,Corporate,Furniture,Tables,1251.09,-62.55,0.2,4
CA-2023-11128,2024-07-03,West,Home Office,Furniture,Tables,3244.44,324.44,0.0,6
CA-2023-11129,2024-07-03,West,Consumer,Technology,Accessories,105.76,29.61,0.0,1
CA-2023-11130,2024-07-04,West,Corporate,Office Supplies,Appliances,1031.11,-103.11,0.4,7
CA-2023-11131,2024-07-04,West,Home Office,Furniture,Bookcases,1774.17,177.42,0.0,6
CA-2023-11132,2024-07-05,West,Consumer,Technology,Accessories,316.15,88.52,0.0,4
CA-2023-11133,2024-07-05,Central,Consumer,Technology,Laptops,9088.93,1817.79,0.0,7
CA-2023-11134,2024-07-06,West,Consumer,Office Supplies,Paper,85.34,23.9,0.0,3
CA-2023-11135,2024-07-06,West,Corporate,Technology,Copiers,355.08,-33.73,0.5,1
CA-2023-11136,2024-07-07,South,Corporate,Office Supplies,Appliances,582.65,-58.27,0.4,4
CA-2023-11137,2024-07-07,East,Home Office,Furniture,Chairs,651.07,81.38,0.1,3
CA-2023-11138,2024-07-08,East,Corporate,Furniture,Furnishings,92.46,18.49,0.0,1
CA-2023-11139,2024-07-08,West,Consumer,Furniture,Bookcases,511.61,-25.58,0.2,2
CA-2023-11140,2024-07-09,South,Consumer,Office Supplies,Storage,504.9,25.25,0.2,5
CA-2023-11141,2024-07-09,West,Corporate,Technology,Copiers,2036.37,-498.91,0.7,8
CA-2023-11142,2024-07-10,South,Consumer,Office Supplies,Binders,27.22,3.4,0.1,1
CA-2023-11143,2024-07-10,Central,Consumer,Furniture,Chairs,922.14,184.43,0.0,4
CA-2023-11144,2024-07-11,West,Consumer,Technology,Accessories,384.46,78.81,0.1,4
CA-2023-11145,2024-07-11,South,Consumer,Office Supplies,Art,25.63,-8.33,0.7,5
CA-2023-11146,2024-07-12,West,Consumer,Office Supplies,Storage,764.28,38.21,0.2,7
CA-2023-11147,2024-07-12,West,Consumer,Office Supplies,Paper,136.81,17.78,0.2,8
CA-2023-11148,2024-07-13,South,Consumer,Office Supplies,Art,106.61,21.32,0.0,6
CA-2023-11149,2024-07-13,Central,Consumer,Office Supplies,Art,15.5,0.78,0.2,1
CA-2023-11150,2024-07-14,Central,Corporate,Office Supplies,Appliances,939.7,-23.49,0.3,7
CA-2023-11151,2024-07-14,West,Home Office,Office Supplies,Appliances,718.51,143.7,0.0,3
CA-2023-11152,2024-07-15,East,Consumer,Office Supplies,Appliances,1051.08,131.38,0.1,6
CA-2023-11153,2024-07-15,Central,Corporate,Office Supplies,Paper,226.14,63.32,0.0,8
CA-2023-11154,2024-07-15,West,Consumer,Furniture,Bookcases,1829.22,182.92,0.0,7
CA-2023-11155,2024-07-16,West,Corporate,Office Supplies,Paper,131.06,36.7,0.0,6
CA-2023-11156,2024-07-16,West,Home Office,Technology,Accessories,787.43,220.48,0.0,9
CA-2023-11157,2024-07-17,West,Corporate,Office Supplies,Appliances,2153.78,269.22,0.1,9
CA-2023-11158,2024-07-17,South,Home Office,Office Supplies,Art,22.13,4.43,0.0,1
CA-2023-11159,2024-07-18,East,Consumer,Technology,Accessories,104.22,29.18,0.0,1
CA-2023-11160,2024-07-18,South,Consumer,Office Supplies,Binders,16.32,-1.63,0.4,1
CA-2023-11161,2024-07-19,East,Home Office,Technology,Accessories,767.01,157.24,0.1,8
CA-2023-11162,2024-07-19,Central,Consumer,Technology,Phones,2389.12,310.59,0.2,7
CA-2023-11163,2024-07-20,West,Consumer,Office Supplies,Storage,353.51,44.19,0.1,3
CA-2023-11164,2024-07-20,East,Corporate,Technology,Accessories,157.89,20.53,0.2,2
CA-2023-11165,2024-07-21,West,Home Office,Office Supplies,Storage,560.06,112.01,0.0,4
CA-2023-11166,2024-07-21,East,Home Office,Office Supplies,Storage,365.64,-9.14,0.3,3
CA-2023-11167,2024-07-22,East,Consumer,Furniture,Tables,2715.73,271.57,0.0,7
CA-2023-11168,2024-07-22,South,Home Office,Technology,Copiers,6397.13,831.63,0.2,8
CA-2023-11169,2024-07-23,Central,Consumer,Technology,Laptops,7916.05,1583.21,0.0,6
CA-2023-11170,2024-07-23,West,Consumer,Furniture,Tables,1159.36,-57.97,0.2,3
CA-2023-11171,2024-07-24,West,Corporate,Office Supplies,Appliances,1038.08,129.76,0.1,6
CA-2023-11172,2024-07-24,West,Consumer,Furniture,Chairs,431.7,53.96,0.1,2
CA-2023-11173,2024-07-25,East,Consumer,Technology,Copiers,6831.24,1912.75,0.0,7
CA-2023-11174,2024-07-25,Central,Corporate,Furniture,Tables,2499.08,-124.95,0.2,7
CA-2023-11175,2024-07-26,South,Consumer,Furniture,Bookcases,401.28,-170.54,0.7,4
CA-2023-11176,2024-07-26,West,Consumer,Office Supplies,Storage,979.84,-24.5,0.3,8
CA-2023-11177,2024-07-27,East,Consumer,Technology,Laptops,4585.09,917.02,0.0,4
CA-2023-11178,2024-07-27,East,Consumer,Office Supplies,Storage,1058.82,211.76,0.0,7
CA-2023-11179,2024-07-28,Central,Consumer,Furniture,Furnishings,180.57,-31.6,0.5,4
CA-2023-11180,2024-07-28,East,Corporate,Office Supplies,Paper,103.03,21.12,0.1,5
CA-2023-11181,2024-07-29,Central,Corporate,Technology,Phones,2546.51,331.05,0.2,7
CA-2023-11182,2024-07-29,Central,Consumer,Furniture,Furnishings,123.9,-21.68,0.5,3
CA-2023-11183,2024-07-30,West,Home Office,Office Supplies,Binders,90.39,-9.04,0.4,5
CA-2023-11184,2024-07-30,Central,Consumer,Technology,Laptops,3679.62,459.95,0.1,3
CA-2023-11185,2024-07-31,West,Consumer,Office Supplies,Paper,98.75,20.24,0.1,5
CA-2023-11186,2024-07-31,Central,Home Office,Office Supplies,Storage,520.32,104.06,0.0,3
CA-2023-11187,2024-08-01,East,Consumer,Technology,Laptops,5750.38,287.52,0.2,7
CA-2023-11188,2024-08-01,East,Home Office,Technology,Accessories,98.15,27.48,0.0,1
CA-2023-11189,2024-08-02,South,Consumer,Office Supplies,Storage,1354.57,270.91,0.0,9
CA-2023-11190,2024-08-02,South,Corporate,Technology,Laptops,9761.97,1952.39,0.0,9
CA-2023-11191,2024-08-03,Central,Consumer,Furniture,Bookcases,1365.55,136.55,0.0,5
CA-2023-11192,2024-08-03,East,Consumer,Technology,Phones,4201.46,546.19,0.2,9
CA-2023-11193,2024-08-03,Central,Consumer,Furniture,Furnishings,462.73,23.14,0.2,6
CA-2023-11194,2024-08-04,East,Corporate,Technology,Copiers,3467.54,710.85,0.1,5
CA-2023-11195,2024-08-04,South,Corporate,Office Supplies,Art,61.51,12.3,0.0,3
CA-2023-11196,2024-08-05,East,Home Office,Office Supplies,Paper,99.2,-9.42,0.5,8
CA-2023-11197,2024-08-05,South,Consumer,Office Supplies,Storage,492.25,98.45,0.0,4
CA-2023-11198,2024-08-06,South,Consumer,Office Supplies,Appliances,517.11,-12.93,0.3,3
CA-2023-11199,2024-08-06,Central,Consumer,Technology,Accessories,318.62,-30.27,0.5,6
CA-2023-11200,2024-08-07,West,Corporate,Office Supplies,Paper,174.95,35.87,0.1,8
CA-2023-11201,2024-08-07,West,Home Office,Technology,Copiers,8074.54,1655.28,0.1,9
CA-2023-11202,2024-08-08,South,Consumer,Technology,Accessories,237.69,-22.58,0.5,6
CA-2023-11203,2024-08-08,West,Corporate,Technology,Accessories,501.62,140.45,0.0,5
CA-2023-11204,2024-08-09,South,Consumer,Furniture,Furnishings,148.22,18.53,0.1,2
CA-2023-11205,2024-08-09,East,Corporate,Office Supplies,Art,37.03,4.63,0.1,2
CA-2023-11206,2024-08-10,East,Home Office,Office Supplies,Art,185.95,37.19,0.0,9
CA-2023-11207,2024-08-10,South,Consumer,Furniture,Furnishings,106.79,-2.67,0.3,2
CA-2023-11208,2024-08-11,Central,Consumer,Technology,Copiers,1090.78,-21.82,0.4,2
CA-2023-11209,2024-08-11,East,Home Office,Office Supplies,Paper,59.78,3.29,0.3,3
CA-2023-11210,2024-08-12,East,Home Office,Furniture,Tables,1299.99,130.0,0.0,3
CA-2023-11211,2024-08-12,East,Corporate,Furniture,Chairs,1184.12,236.82,0.0,4
CA-2023-11212,2024-08-13,Central,Corporate,Technology,Copiers,4375.79,568.85,0.2,7
CA-2023-11213,2024-08-13,West,Consumer,Office Supplies,Paper,256.51,71.82,0.0,9
CA-2023-11214,2024-08-14,South,Corporate,Office Supplies,Appliances,316.24,15.81,0.2,2
CA-2023-11215,2024-08-14,South,Home Office,Technology,Phones,1651.47,338.55,0.1,4
CA-2023-11216,2024-08-15,East,Corporate,Technology,Laptops,8435.39,421.77,0.2,9
CA-2023-11217,2024-08-15,Central,Consumer,Office Supplies,Storage,274.06,34.26,0.1,2
CA-2023-11218,2024-08-16,East,Consumer,Office Supplies,Art,19.95,2.49,0.1,1
CA-2023-11219,2024-08-16,East,Consumer,Technology,Accessories,726.15,203.32,0.0,8
CA-2023-11220,2024-08-17,South,Consumer,Office Supplies,Paper,198.26,55.51,0.0,9
CA-2023-11221,2024-08-17,West,Consumer,Technology,Accessories,566.69,116.17,0.1,7
CA-2023-11222,2024-08-18,West,Consumer,Furniture,Tables,3241.46,-162.07,0.2,8
CA-2023-11223,2024-08-18,East,Consumer,Office Supplies,Paper,78.29,4.31,0.3,4
CA-2023-11224,2024-08-19,East,Consumer,Furniture,Furnishings,204.75,-5.12,0.3,4
CA-2023-11225,2024-08-19,East,Corporate,Furniture,Bookcases,153.56,-65.26,0.7,2
CA-2023-11226,2024-08-20,Central,Consumer,Furniture,Furnishings,736.76,147.35,0.0,8
CA-2023-11227,2024-08-20,Central,Consumer,Technology,Copiers,1428.08,399.86,0.0,2
CA-2023-11228,2024-08-21,Central,Consumer,Office Supplies,Binders,238.39,47.68,0.0,9
CA-2023-11229,2024-08-21,West,Consumer,Furniture,Chairs,680.86,34.04,0.2,4
CA-2023-11230,2024-08-21,East,Corporate,Office Supplies,Art,18.41,2.3,0.1,1
CA-2023-11231,2024-08-22,West,Consumer,Technology,Laptops,3532.39,-88.31,0.3,4
CA-2023-11232,2024-08-22,West,Corporate,Technology,Laptops,3580.41,447.55,0.1,3
CA-2023-11233,2024-08-23,East,Home Office,Technology,Phones,1452.64,-138.0,0.5,6
CA-2023-11234,2024-08-23,West,Corporate,Office Supplies,Art,79.39,-13.89,0.5,7
CA-2023-11235,2024-08-24,West,Corporate,Furniture,Tables,3303.84,330.38,0.0,8
CA-2023-11236,2024-08-24,West,Home Office,Office Supplies,Paper,53.23,10.91,0.1,2
CA-2023-11237,2024-08-25,South,Corporate,Furniture,Furnishings,414.24,20.71,0.2,6
CA-2023-11238,2024-08-25,South,Consumer,Office Supplies,Appliances,1430.29,286.06,0.0,6
CA-2023-11239,2024-08-26,Central,Consumer,Technology,Accessories,378.23,77.54,0.1,5
CA-2023-11240,2024-08-26,South,Home Office,Office Supplies,Storage,689.64,34.48,0.2,7
CA-2023-11241,2024-08-27,Central,Consumer,Office Supplies,Binders,93.23,18.65,0.0,3
CA-2023-11242,2024-08-27,East,Consumer,Office Supplies,Art,70.16,3.51,0.2,4
CA-2023-11243,2024-08-28,West,Corporate,Office Supplies,Art,127.87,6.39,0.2,9
CA-2023-11244,2024-08-28,Central,Home Office,Office Supplies,Art,98.42,19.68,0.0,4
CA-2023-11245,2024-08-29,Central,Consumer,Furniture,Furnishings,268.31,33.54,0.1,3
CA-2023-11246,2024-08-29,Central,Corporate,Technology,Copiers,1709.09,478.55,0.0,2
CA-2023-11247,2024-08-30,Central,Consumer,Technology,Phones,2460.06,319.81,0.2,5
CA-2023-11248,2024-08-30,East,Corporate,Office Supplies,Storage,516.2,103.24,0.0,4
CA-2023-11249,2024-08-31,Central,Consumer,Furniture,Furnishings,330.3,-33.03,0.4,8
CA-2023-11250,2024-08-31,South,Consumer,Office Supplies,Paper,136.36,27.95,0.1,7
CA-2023-11251,2024-09-01,East,Home Office,Furniture,Chairs,1627.51,325.5,0.0,6
CA-2023-11252,2024-09-01,Central,Consumer,Technology,Phones,787.19,161.37,0.1,2
CA-2023-11253,2024-09-02,East,Corporate,Technology,Phones,1665.11,341.35,0.1,3
CA-2023-11254,2024-09-02,Central,Consumer,Office Supplies,Art,146.9,18.36,0.1,9
CA-2023-11255,2024-09-03,Central,Consumer,Furniture,Chairs,1968.08,246.01,0.1,9
CA-2023-11256,2024-09-03,West,Corporate,Technology,Copiers,4244.43,870.11,0.1,5
CA-2023-11257,2024-09-04,Central,Consumer,Furniture,Bookcases,843.75,84.37,0.0,3
CA-2023-11258,2024-09-04,West,Consumer,Technology,Phones,947.19,265.21,0.0,2
CA-2023-11259,2024-09-05,Central,Consumer,Furniture,Tables,3187.94,-159.4,0.2,8
CA-2023-11260,2024-09-05,East,Corporate,Technology,Copiers,4149.08,850.56,0.1,6
CA-2023-11261,2024-09-06,Central,Home Office,Office Supplies,Paper,163.97,45.91,0.0,7
CA-2023-11262,2024-09-06,West,Home Office,Technology,Copiers,532.94,29.31,0.3,1
CA-2023-11263,2024-09-07,Central,Consumer,Furniture,Chairs,261.56,52.31,0.0,1
CA-2023-11264,2024-09-07,West,Consumer,Technology,Accessories,155.79,8.57,0.3,2
CA-2023-11265,2024-09-08,South,Consumer,Technology,Accessories,319.38,89.43,0.0,3
CA-2023-11266,2024-09-08,South,Home Office,Furniture,Furnishings,77.11,15.42,0.0,1
CA-2023-11267,2024-09-09,South,Consumer,Furniture,Furnishings,199.07,-34.84,0.5,5
CA-2023-11268,2024-09-09,Central,Home Office,Furniture,Tables,1398.34,139.83,0.0,3
CA-2023-11269,2024-09-09,Central,Consumer,Technology,Copiers,695.28,38.24,0.3,1
CA-2023-11270,2024-09-10,West,Home Office,Office Supplies,Paper,183.79,51.46,0.0,8
CA-2023-11271,2024-09-10,East,Home Office,Office Supplies,Storage,667.29,33.36,0.2,6
CA-2023-11272,2024-09-11,East,Home Office,Office Supplies,Binders,184.97,-18.5,0.4,9
CA-2023-11273,2024-09-11,Central,Consumer,Technology,Copiers,2965.39,830.31,0.0,3
CA-2023-11274,2024-09-12,South,Consumer,Furniture,Chairs,1436.83,-35.92,0.3,9
CA-2023-11275,2024-09-12,West,Consumer,Technology,Laptops,9146.05,1143.26,0.1,9
CA-2023-11276,2024-09-13,South,Consumer,Technology,Copiers,601.78,78.23,0.2,1
CA-2023-11277,2024-09-13,Central,Consumer,Office Supplies,Art,46.35,5.79,0.1,3
CA-2023-11278,2024-09-14,Central,Corporate,Technology,Accessories,353.69,-7.07,0.4,6
CA-2023-11279,2024-09-14,West,Consumer,Furniture,Tables,4025.81,402.58,0.0,8
CA-2023-11280,2024-09-15,West,Corporate,Furniture,Furnishings,349.12,69.82,0.0,4
CA-2023-11281,2024-09-15,East,Corporate,Office Supplies,Paper,65.89,-1.32,0.4,5
CA-2023-11282,2024-09-16,Central,Consumer,Furniture,Chairs,1382.36,-34.56,0.3,9
CA-2023-11283,2024-09-16,West,Home Office,Technology,Accessories,504.44,141.24,0.0,6
CA-2023-11284,2024-09-17,East,Consumer,Technology,Copiers,4869.23,998.19,0.1,7
CA-2023-11285,2024-09-17,South,Consumer,Furniture,Bookcases,2201.13,55.03,0.1,7
CA-2023-11286,2024-09-18,South,Consumer,Technology,Accessories,296.06,60.69,0.1,4
CA-2023-11287,2024-09-18,South,Home Office,Furniture,Furnishings,277.64,55.53,0.0,4
CA-2023-11288,2024-09-19,East,Consumer,Technology,Copiers,2579.44,335.33,0.2,4
CA-2023-11289,2024-09-19,West,Consumer,Technology,Copiers,4066.23,1138.54,0.0,5
CA-2023-11290,2024-09-20,Central,Corporate,Furniture,Tables,1622.82,-202.85,0.3,5
CA-2023-11291,2024-09-20,East,Consumer,Technology,Copiers,5289.81,290.94,0.3,8
CA-2023-11292,2024-09-21,West,Corporate,Furniture,Chairs,1800.63,225.08,0.1,9
CA-2023-11293,2024-09-21,West,Home Office,Office Supplies,Storage,316.84,63.37,0.0,2
CA-2023-11294,2024-09-22,East,Home Office,Office Supplies,Appliances,1517.17,303.43,0.0,7
CA-2023-11295,2024-09-22,West,Consumer,Technology,Laptops,1051.91,131.49,0.1,1
CA-2023-11296,2024-09-23,East,Consumer,Technology,Copiers,782.73,101.76,0.2,1
CA-2023-11297,2024-09-23,West,Consumer,Technology,Laptops,4557.06,911.41,0.0,4
CA-2023-11298,2024-09-24,West,Consumer,Furniture,Bookcases,1859.78,-92.99,0.2,7
CA-2023-11299,2024-09-24,Central,Consumer,Office Supplies,Paper,48.0,13.44,0.0,2
CA-2023-11300,2024-09-25,East,Consumer,Technology,Phones,1052.86,294.8,0.0,2
CA-2023-11301,2024-09-25,Central,Home Office,Office Supplies,Paper,29.11,8.15,0.0,1
CA-2023-11302,2024-09-26,West,Home Office,Technology,Laptops,2886.45,577.29,0.0,2
CA-2023-11303,2024-09-26,West,Consumer,Furniture,Chairs,2074.59,414.92,0.0,7
CA-2023-11304,2024-09-27,Central,Consumer,Office Supplies,Art,175.43,21.93,0.1,9
CA-2023-11305,2024-09-27,East,Consumer,Office Supplies,Appliances,752.03,-75.2,0.4,6
CA-2023-11306,2024-09-28,East,Consumer,Office Supplies,Binders,46.81,-1.17,0.3,2
CA-2023-11307,2024-09-28,East,Corporate,Office Supplies,Storage,1428.79,285.76,0.0,9
CA-2023-11308,2024-09-28,South,Corporate,Technology,Copiers,4783.95,1339.51,0.0,7
CA-2023-11309,2024-09-29,East,Home Office,Office Supplies,Storage,143.6,28.72,0.0,1
CA-2023-11310,2024-09-29,East,Corporate,Technology,Copiers,8548.59,2393.61,0.0,9
CA-2023-11311,2024-09-30,Central,Corporate,Office Supplies,Binders,56.48,7.06,0.1,2
CA-2023-11312,2024-09-30,East,Corporate,Furniture,Chairs,877.1,109.64,0.1,4
CA-2023-11313,2024-10-01,East,Consumer,Office Supplies,Paper,269.71,75.52,0.0,9
CA-2023-11314,2024-10-01,East,Corporate,Furniture,Chairs,912.35,182.47,0.0,4
CA-2023-11315,2024-10-02,Central,Consumer,Furniture,Chairs,699.43,139.89,0.0,3
CA-2023-11316,2024-10-02,West,Consumer,Furniture,Chairs,281.24,56.25,0.0,1
CA-2023-11317,2024-10-03,West,Consumer,Office Supplies,Storage,776.92,38.85,0.2,7
CA-2023-11318,2024-10-03,West,Consumer,Technology,Copiers,5448.99,1525.72,0.0,6
CA-2023-11319,2024-10-04,South,Home Office,Technology,Laptops,3944.51,493.06,0.1,4
CA-2023-11320,2024-10-04,West,Consumer,Technology,Accessories,462.14,94.74,0.1,6
CA-2023-11321,2024-10-05,South,Consumer,Technology,Copiers,2628.46,-52.57,0.4,6
CA-2023-11322,2024-10-05,East,Consumer,Office Supplies,Art,59.1,-5.91,0.4,4
CA-2023-11323,2024-10-06,South,Corporate,Technology,Copiers,3886.7,505.27,0.2,6
CA-2023-11324,2024-10-06,South,Consumer,Office Supplies,Paper,196.98,55.15,0.0,8
CA-2023-11325,2024-10-07,East,Home Office,Technology,Phones,1155.17,236.81,0.1,3
CA-2023-11326,2024-10-07,West,Home Office,Technology,Phones,1275.91,70.18,0.3,4
CA-2023-11327,2024-10-08,West,Corporate,Office Supplies,Paper,25.46,7.13,0.0,1
CA-2023-11328,2024-10-08,West,Corporate,Office Supplies,Paper,78.97,16.19,0.1,4
CA-2023-11329,2024-10-09,Central,Consumer,Furniture,Tables,2561.94,-512.39,0.4,9
CA-2023-11330,2024-10-09,West,Consumer,Furniture,Furnishings,594.44,74.3,0.1,8
CA-2023-11331,2024-10-10,East,Corporate,Office Supplies,Storage,647.85,129.57,0.0,4
CA-2023-11332,2024-10-10,East,Consumer,Technology,Copiers,6237.96,1746.63,0.0,7
CA-2023-11333,2024-10-11,South,Consumer,Office Supplies,Appliances,610.86,76.36,0.1,3
CA-2023-11334,2024-10-11,West,Corporate,Office Supplies,Paper,211.47,59.21,0.0,9
CA-2023-11335,2024-10-12,West,Consumer,Office Supplies,Binders,109.51,5.48,0.2,4
CA-2023-11336,2024-10-12,West,Home Office,Technology,Accessories,163.17,21.21,0.2,2
CA-2023-11337,2024-10-13,South,Consumer,Office Supplies,Art,91.13,18.23,0.0,5
CA-2023-11338,2024-10-13,Central,Corporate,Technology,Phones,729.54,-14.59,0.4,2
CA-2023-11339,2024-10-14,West,Corporate,Technology,Phones,2364.56,484.73,0.1,6
CA-2023-11340,2024-10-14,West,Corporate,Technology,Copiers,697.61,195.33,0.0,1
CA-2023-11341,2024-10-15,West,Consumer,Furniture,Tables,1748.14,-218.52,0.3,6
CA-2023-11342,2024-10-15,West,Corporate,Office Supplies,Binders,101.96,-2.55,0.3,4
CA-2023-11343,2024-10-16,South,Home Office,Office Supplies,Storage,355.49,17.77,0.2,3
CA-2023-11344,2024-10-16,Central,Consumer,Office Supplies,Paper,34.96,-0.7,0.4,2
CA-2023-11345,2024-10-17,East,Consumer,Furniture,Chairs,1317.59,65.88,0.2,7
CA-2023-11346,2024-10-17,South,Corporate,Technology,Copiers,4519.1,-90.38,0.4,9
CA-2023-11347,2024-10-17,West,Corporate,Furniture,Chairs,670.49,83.81,0.1,3
CA-2023-11348,2024-10-18,Central,Consumer,Office Supplies,Paper,141.74,18.43,0.2,6
CA-2023-11349,2024-10-18,South,Home Office,Technology,Phones,1159.71,-284.13,0.7,9
CA-2023-11350,2024-10-19,East,Consumer,Office Supplies,Paper,37.9,4.93,0.2,2
CA-2023-11351,2024-10-19,Central,Consumer,Furniture,Furnishings,510.18,102.04,0.0,7
CA-2023-11352,2024-10-20,West,Corporate,Furniture,Chairs,1342.89,167.86,0.1,5
CA-2023-11353,2024-10-20,West,Corporate,Office Supplies,Storage,653.32,81.67,0.1,5
CA-2023-11354,2024-10-21,West,Home Office,Furniture,Bookcases,2124.54,212.45,0.0,7
CA-2023-11355,2024-10-21,East,Home Office,Office Supplies,Paper,69.51,-17.03,0.7,9
CA-2023-11356,2024-10-22,Central,Consumer,Office Supplies,Art,99.1,19.82,0.0,4
CA-2023-11357,2024-10-22,South,Consumer,Furniture,Furnishings,856.88,171.38,0.0,9
CA-2023-11358,2024-10-23,Central,Consumer,Technology,Accessories,458.68,-43.57,0.5,9
CA-2023-11359,2024-10-23,South,Corporate,Furniture,Tables,1565.23,39.13,0.1,4
CA-2023-11360,2024-10-24,South,Home Office,Office Supplies,Storage,384.75,76.95,0.0,3
CA-2023-11361,2024-10-24,West,Consumer,Technology,Accessories,197.41,40.47,0.1,2
CA-2023-11362,2024-10-25,East,Consumer,Furniture,Chairs,1834.61,91.73,0.2,9
CA-2023-11363,2024-10-25,West,Consumer,Furniture,Bookcases,576.9,57.69,0.0,2
CA-2023-11364,2024-10-26,Central,Home Office,Office Supplies,Art,37.38,-12.15,0.7,6
CA-2023-11365,2024-10-26,South,Consumer,Technology,Phones,2738.56,561.41,0.1,5
CA-2023-11366,2024-10-27,West,Consumer,Office Supplies,Appliances,994.78,124.35,0.1,5
CA-2023-11367,2024-10-27,Central,Corporate,Office Supplies,Storage,541.83,67.73,0.1,4
CA-2023-11368,2024-10-28,Central,Home Office,Technology,Copiers,4497.36,584.66,0.2,6
CA-2023-11369,2024-10-28,East,Corporate,Technology,Copiers,4083.41,1143.36,0.0,5
CA-2023-11370,2024-10-29,East,Corporate,Office Supplies,Art,75.47,15.09,0.0,4
CA-2023-11371,2024-10-29,East,Consumer,Technology,Phones,5053.63,1035.99,0.1,9
CA-2023-11372,2024-10-30,West,Corporate,Office Supplies,Art,103.54,-2.59,0.3,6
CA-2023-11373,2024-10-30,West,Corporate,Furniture,Furnishings,284.97,56.99,0.0,3
CA-2023-11374,2024-10-31,West,Home Office,Technology,Phones,2700.84,351.11,0.2,6
CA-2023-11375,2024-10-31,East,Consumer,Office Supplies,Paper,16.94,0.93,0.3,1
CA-2023-11376,2024-11-01,West,Consumer,Furniture,Chairs,1519.21,303.84,0.0,5
CA-2023-11377,2024-11-01,South,Consumer,Furniture,Tables,2592.6,259.26,0.0,6
CA-2023-11378,2024-11-02,East,Consumer,Furniture,Bookcases,2808.78,280.88,0.0,8
CA-2023-11379,2024-11-02,Central,Home Office,Furniture,Furnishings,788.81,98.6,0.1,9
CA-2023-11380,2024-11-03,East,Consumer,Technology,Laptops,3928.33,785.67,0.0,3
CA-2023-11381,2024-11-03,East,Consumer,Furniture,Chairs,527.05,65.88,0.1,2
CA-2023-11382,2024-11-04,South,Consumer,Office Supplies,Paper,105.0,21.53,0.1,4
CA-2023-11383,2024-11-04,West,Consumer,Technology,Accessories,600.87,123.18,0.1,8
CA-2023-11384,2024-11-04,West,Consumer,Office Supplies,Art,178.75,35.75,0.0,8
CA-2023-11385,2024-11-05,Central,Consumer,Technology,Accessories,215.64,44.21,0.1,3
CA-2023-11386,2024-11-05,West,Consumer,Office Supplies,Paper,73.72,4.05,0.3,4
CA-2023-11387,2024-11-06,West,Corporate,Technology,Accessories,123.51,-11.73,0.5,3
CA-2023-11388,2024-11-06,East,Corporate,Office Supplies,Appliances,268.37,-26.84,0.4,2
CA-2023-11389,2024-11-07,West,Consumer,Furniture,Tables,1916.77,47.92,0.1,4
CA-2023-11390,2024-11-07,East,Home Office,Technology,Laptops,8066.74,1008.34,0.1,6
CA-2023-11391,2024-11-08,West,Corporate,Technology,Laptops,5863.1,1172.62,0.0,5
CA-2023-11392,2024-11-08,South,Corporate,Technology,Copiers,2550.68,714.19,0.0,3
CA-2023-11393,2024-11-09,Central,Consumer,Furniture,Tables,949.07,94.91,0.0,2
CA-2023-11394,2024-11-09,Central,Consumer,Technology,Phones,4434.34,576.46,0.2,9
CA-2023-11395,2024-11-10,Central,Consumer,Office Supplies,Appliances,229.12,45.82,0.0,1
CA-2023-11396,2024-11-10,South,Consumer,Furniture,Tables,4575.05,457.51,0.0,9
CA-2023-11397,2024-11-11,West,Consumer,Technology,Phones,182.81,-44.79,0.7,1
CA-2023-11398,2024-11-11,South,Home Office,Furniture,Bookcases,2098.64,209.86,0.0,7
CA-2023-11399,2024-11-12,Central,Consumer,Office Supplies,Appliances,1598.32,319.66,0.0,6
CA-2023-11400,2024-11-12,Central,Consumer,Technology,Copiers,6815.1,1908.23,0.0,7
CA-2023-11401,2024-11-13,East,Corporate,Technology,Copiers,2640.09,541.22,0.1,3
CA-2023-11402,2024-11-13,West,Consumer,Technology,Phones,1149.81,149.48,0.2,3
CA-2023-11403,2024-11-14,East,Corporate,Office Supplies,Paper,25.25,7.07,0.0,1
CA-2023-11404,2024-11-14,Central,Corporate,Office Supplies,Appliances,948.94,118.62,0.1,4
CA-2023-11405,2024-11-15,West,Corporate,Furniture,Tables,626.01,-78.25,0.3,2
CA-2023-11406,2024-11-15,Central,Home Office,Office Supplies,Storage,854.64,-21.37,0.3,8
CA-2023-11407,2024-11-16,West,Consumer,Office Supplies,Paper,20.19,-4.95,0.7,3
CA-2023-11408,2024-11-16,West,Corporate,Furniture,Bookcases,1282.59,-160.32,0.3,7
CA-2023-11409,2024-11-17,West,Home Office,Office Supplies,Binders,191.8,23.97,0.1,7
CA-2023-11410,2024-11-17,West,Corporate,Technology,Accessories,876.07,245.3,0.0,9
CA-2023-11411,2024-11-18,East,Consumer,Technology,Phones,3021.24,845.95,0.0,6
CA-2023-11412,2024-11-18,West,Home Office,Technology,Phones,540.55,151.35,0.0,1
CA-2023-11413,2024-11-19,South,Consumer,Technology,Laptops,8110.34,405.52,0.2,8
CA-2023-11414,2024-11-19,East,Home Office,Furniture,Tables,354.15,-44.27,0.3,1
CA-2023-11415,2024-11-20,West,Consumer,Office Supplies,Storage,419.51,52.44,0.1,3
CA-2023-11416,2024-11-20,Central,Corporate,Technology,Accessories,458.86,128.48,0.0,5
CA-2023-11417,2024-11-21,South,Home Office,Technology,Phones,3671.99,752.76,0.1,8
CA-2023-11418,2024-11-21,Central,Consumer,Furniture,Tables,1835.28,-504.7,0.5,9
CA-2023-11419,2024-11-22,West,Consumer,Office Supplies,Binders,199.45,24.93,0.1,7
CA-2023-11420,2024-11-22,South,Consumer,Technology,Accessories,615.12,33.83,0.3,9
CA-2023-11421,2024-11-23,Central,Home Office,Furniture,Tables,983.36,-122.92,0.3,3
CA-2023-11422,2024-11-23,West,Home Office,Technology,Phones,1225.35,-116.41,0.5,5
CA-2023-11423,2024-11-23,West,Corporate,Technology,Phones,3188.25,175.35,0.3,8
CA-2023-11424,2024-11-24,East,Corporate,Office Supplies,Appliances,154.86,7.74,0.2,1
CA-2023-11425,2024-11-24,West,Home Office,Office Supplies,Storage,1361.67,272.33,0.0,8
CA-2023-11426,2024-11-25,South,Consumer,Technology,Copiers,4806.24,1345.75,0.0,7
CA-2023-11427,2024-11-25,East,Consumer,Office Supplies,Storage,155.6,19.45,0.1,1
CA-2023-11428,2024-11-26,South,Corporate,Furniture,Chairs,1552.41,310.48,0.0,6
CA-2023-11429,2024-11-26,East,Consumer,Office Supplies,Binders,9.14,-2.97,0.7,1
CA-2023-11430,2024-11-27,West,Consumer,Furniture,Chairs,476.29,95.26,0.0,2
CA-2023-11431,2024-11-27,West,Consumer,Furniture,Tables,1152.94,-230.59,0.4,5
CA-2023-11432,2024-11-28,East,Consumer,Furniture,Bookcases,575.95,57.59,0.0,2
CA-2023-11433,2024-11-28,Central,Home Office,Office Supplies,Binders,26.81,5.36,0.0,1
CA-2023-11434,2024-11-29,Central,Consumer,Technology,Phones,1670.89,-158.73,0.5,6
CA-2023-11435,2024-11-29,West,Corporate,Technology,Phones,3910.52,1094.95,0.0,8
CA-2023-11436,2024-11-30,West,Consumer,Technology,Laptops,11105.97,2221.19,0.0,8
CA-2023-11437,2024-11-30,West,Consumer,Office Supplies,Appliances,1641.67,328.33,0.0,8
CA-2023-11438,2024-12-01,Central,Consumer,Technology,Accessories,522.76,67.96,0.2,6
CA-2023-11439,2024-12-01,West,Corporate,Office Supplies,Storage,444.86,88.97,0.0,3
CA-2023-11440,2024-12-02,East,Corporate,Office Supplies,Paper,20.16,4.13,0.1,1
CA-2023-11441,2024-12-02,Central,Home Office,Technology,Accessories,163.67,33.55,0.1,2
CA-2023-11442,2024-12-03,South,Corporate,Office Supplies,Art,74.62,3.73,0.2,5
CA-2023-11443,2024-12-03,West,Corporate,Furniture,Bookcases,1115.85,-55.79,0.2,5
CA-2023-11444,2024-12-04,West,Corporate,Office Supplies,Binders,28.42,3.55,0.1,1
CA-2023-11445,2024-12-04,Central,Home Office,Technology,Phones,559.38,156.63,0.0,1
CA-2023-11446,2024-12-05,Central,Corporate,Office Supplies,Art,153.05,-3.83,0.3,9
CA-2023-11447,2024-12-05,East,Consumer,Office Supplies,Paper,52.54,14.71,0.0,2
CA-2023-11448,2024-12-06,South,Corporate,Office Supplies,Paper,194.72,39.92,0.1,7
CA-2023-11449,2024-12-06,South,Corporate,Office Supplies,Paper,110.4,22.63,0.1,4
CA-2023-11450,2024-12-07,West,Corporate,Furniture,Tables,2260.49,-452.1,0.4,7
CA-2023-11451,2024-12-07,West,Consumer,Furniture,Furnishings,604.79,75.6,0.1,8
CA-2023-11452,2024-12-08,East,Home Office,Office Supplies,Art,90.64,18.13,0.0,5
CA-2023-11453,2024-12-08,Central,Home Office,Furniture,Tables,337.38,-16.87,0.2,1
CA-2023-11454,2024-12-09,West,Consumer,Technology,Accessories,319.41,41.52,0.2,4
CA-2023-11455,2024-12-09,Central,Home Office,Office Supplies,Binders,91.68,18.34,0.0,3
CA-2023-11456,2024-12-10,Central,Consumer,Office Supplies,Appliances,899.63,112.45,0.1,5
CA-2023-11457,2024-12-10,West,Consumer,Office Supplies,Storage,699.95,35.0,0.2,6
CA-2023-11458,2024-12-11,Central,Consumer,Technology,Phones,257.09,-62.99,0.7,2
CA-2023-11459,2024-12-11,South,Consumer,Office Supplies,Paper,160.1,20.81,0.2,7
CA-2023-11460,2024-12-12,West,Home Office,Furniture,Chairs,659.57,131.91,0.0,3
CA-2023-11461,2024-12-12,West,Consumer,Office Supplies,Binders,33.05,6.61,0.0,1
CA-2023-11462,2024-12-12,East,Consumer,Technology,Laptops,2521.16,-252.12,0.4,3
CA-2023-11463,2024-12-13,South,Consumer,Office Supplies,Appliances,1251.64,-31.29,0.3,9
CA-2023-11464,2024-12-13,South,Consumer,Office Supplies,Appliances,1395.84,279.17,0.0,6
CA-2023-11465,2024-12-14,East,Consumer,Technology,Laptops,8363.71,1672.74,0.0,6
CA-2023-11466,2024-12-14,Central,Corporate,Office Supplies,Storage,427.51,21.38,0.2,4
CA-2023-11467,2024-12-15,East,Consumer,Furniture,Bookcases,2196.4,219.64,0.0,8
CA-2023-11468,2024-12-15,East,Home Office,Office Supplies,Appliances,1083.2,216.64,0.0,5
CA-2023-11469,2024-12-16,West,Home Office,Office Supplies,Appliances,1650.69,330.14,0.0,7
CA-2023-11470,2024-12-16,West,Consumer,Furniture,Bookcases,2916.3,291.63,0.0,9
CA-2023-11471,2024-12-17,West,Home Office,Office Supplies,Paper,101.51,20.81,0.1,5
CA-2023-11472,2024-12-17,East,Consumer,Office Supplies,Storage,578.5,28.92,0.2,5
CA-2023-11473,2024-12-18,West,Consumer,Furniture,Furnishings,306.34,61.27,0.0,4
CA-2023-11474,2024-12-18,South,Consumer,Technology,Copiers,5696.69,1595.07,0.0,6
CA-2023-11475,2024-12-19,West,Consumer,Office Supplies,Binders,58.53,11.71,0.0,2
CA-2023-11476,2024-12-19,West,Corporate,Office Supplies,Storage,448.11,56.01,0.1,3
CA-2023-11477,2024-12-20,East,Corporate,Office Supplies,Paper,25.54,7.15,0.0,1
CA-2023-11478,2024-12-20,Central,Consumer,Office Supplies,Appliances,451.69,56.46,0.1,2
CA-2023-11479,2024-12-21,West,Corporate,Furniture,Furnishings,134.92,6.75,0.2,2
CA-2023-11480,2024-12-21,West,Consumer,Office Supplies,Paper,219.76,61.53,0.0,8
CA-2023-11481,2024-12-22,South,Corporate,Technology,Copiers,6452.11,1806.59,0.0,8
CA-2023-11482,2024-12-22,West,Consumer,Furniture,Bookcases,694.37,69.44,0.0,2
CA-2023-11483,2024-12-23,West,Consumer,Technology,Laptops,6610.09,826.26,0.1,6
CA-2023-11484,2024-12-23,South,Consumer,Technology,Copiers,2479.16,-49.58,0.4,5
CA-2023-11485,2024-12-24,West,Consumer,Furniture,Furnishings,253.7,50.74,0.0,3
CA-2023-11486,2024-12-24,East,Corporate,Furniture,Chairs,739.21,-129.36,0.5,5
CA-2023-11487,2024-12-25,East,Home Office,Office Supplies,Appliances,1225.13,245.03,0.0,5
CA-2023-11488,2024-12-25,West,Consumer,Furniture,Chairs,865.96,-21.65,0.3,5
CA-2023-11489,2024-12-26,West,Corporate,Furniture,Furnishings,241.52,30.19,0.1,3
CA-2023-11490,2024-12-26,West,Corporate,Technology,Phones,1328.36,172.69,0.2,3
CA-2023-11491,2024-12-27,West,Home Office,Furniture,Chairs,1100.17,137.52,0.1,4
CA-2023-11492,2024-12-27,West,Consumer,Technology,Accessories,672.78,137.92,0.1,7
CA-2023-11493,2024-12-28,Central,Consumer,Technology,Copiers,1242.06,68.31,0.3,2
CA-2023-11494,2024-12-28,East,Home Office,Furniture,Bookcases,828.75,-103.59,0.3,4
CA-2023-11495,2024-12-29,East,Corporate,Office Supplies,Art,83.65,10.46,0.1,4
CA-2023-11496,2024-12-29,South,Consumer,Furniture,Tables,486.04,48.6,0.0,1
CA-2023-11497,2024-12-30,Central,Consumer,Furniture,Furnishings,796.23,159.25,0.0,8
CA-2023-11498,2024-12-30,West,Consumer,Furniture,Tables,298.94,-37.37,0.3,1
CA-2023-11499,2024-12-31,South,Corporate,Office Supplies,Appliances,1396.87,174.61,0.1,8
